-- Large Scale Seed Script
SET FOREIGN_KEY_CHECKS = 0;
TRUNCATE TABLE `User`;
TRUNCATE TABLE `Student`;
TRUNCATE TABLE `AcademicRecord`;
TRUNCATE TABLE `StudentParent`;
SET FOREIGN_KEY_CHECKS = 1;
INSERT INTO `User` (id, email, role, name, passwordHash) VALUES (1, 'admin@pathfinder.com', 'ADMIN', 'Demo Admin', 'abc123');
INSERT INTO `User` (id, email, role, name, passwordHash) VALUES (2, 'counselor1@pathfinder.com', 'COUNSELOR', 'Counselor 1', 'abc123');
INSERT INTO `User` (id, email, role, name, passwordHash) VALUES (3, 'counselor2@pathfinder.com', 'COUNSELOR', 'Counselor 2', 'abc123');
INSERT INTO `User` (id, email, role, name, passwordHash) VALUES (4, 'counselor3@pathfinder.com', 'COUNSELOR', 'Counselor 3', 'abc123');
INSERT INTO `User` (id, email, role, name, passwordHash) VALUES (5, 'counselor4@pathfinder.com', 'COUNSELOR', 'Counselor 4', 'abc123');
INSERT INTO `User` (id, email, role, name, passwordHash) VALUES (6, 'counselor5@pathfinder.com', 'COUNSELOR', 'Counselor 5', 'abc123');
INSERT INTO `User` (id, email, role, name, passwordHash) VALUES (7, 'parent1@pathfinder.com', 'PARENT', 'Parent 1', 'abc123');
INSERT INTO `User` (id, email, role, name, passwordHash) VALUES (8, 'parent2@pathfinder.com', 'PARENT', 'Parent 2', 'abc123');
INSERT INTO `User` (id, email, role, name, passwordHash) VALUES (9, 'parent3@pathfinder.com', 'PARENT', 'Parent 3', 'abc123');
INSERT INTO `User` (id, email, role, name, passwordHash) VALUES (10, 'parent4@pathfinder.com', 'PARENT', 'Parent 4', 'abc123');
INSERT INTO `User` (id, email, role, name, passwordHash) VALUES (11, 'parent5@pathfinder.com', 'PARENT', 'Parent 5', 'abc123');
INSERT INTO `User` (id, email, role, name, passwordHash) VALUES (12, 'parent6@pathfinder.com', 'PARENT', 'Parent 6', 'abc123');
INSERT INTO `User` (id, email, role, name, passwordHash) VALUES (13, 'parent7@pathfinder.com', 'PARENT', 'Parent 7', 'abc123');
INSERT INTO `User` (id, email, role, name, passwordHash) VALUES (14, 'parent8@pathfinder.com', 'PARENT', 'Parent 8', 'abc123');
INSERT INTO `User` (id, email, role, name, passwordHash) VALUES (15, 'parent9@pathfinder.com', 'PARENT', 'Parent 9', 'abc123');
INSERT INTO `User` (id, email, role, name, passwordHash) VALUES (16, 'parent10@pathfinder.com', 'PARENT', 'Parent 10', 'abc123');
INSERT INTO `User` (id, email, role, name, passwordHash) VALUES (17, 'student1@pathfinder.com', 'STUDENT', 'Student 1', 'abc123');
INSERT INTO `Student` (id, userId, grade, zipCode, majorInterest, counselorId) VALUES (1, 17, 9, '90210', 'CS', 4);
INSERT INTO `User` (id, email, role, name, passwordHash) VALUES (18, 'student2@pathfinder.com', 'STUDENT', 'Student 2', 'abc123');
INSERT INTO `Student` (id, userId, grade, zipCode, majorInterest, counselorId) VALUES (2, 18, 10, '90210', 'CS', 3);
INSERT INTO `User` (id, email, role, name, passwordHash) VALUES (19, 'student3@pathfinder.com', 'STUDENT', 'Student 3', 'abc123');
INSERT INTO `Student` (id, userId, grade, zipCode, majorInterest, counselorId) VALUES (3, 19, 11, '90210', 'CS', 5);
INSERT INTO `User` (id, email, role, name, passwordHash) VALUES (20, 'student4@pathfinder.com', 'STUDENT', 'Student 4', 'abc123');
INSERT INTO `Student` (id, userId, grade, zipCode, majorInterest, counselorId) VALUES (4, 20, 10, '90210', 'CS', 4);
INSERT INTO `User` (id, email, role, name, passwordHash) VALUES (21, 'student5@pathfinder.com', 'STUDENT', 'Student 5', 'abc123');
INSERT INTO `Student` (id, userId, grade, zipCode, majorInterest, counselorId) VALUES (5, 21, 10, '90210', 'CS', 3);
INSERT INTO `User` (id, email, role, name, passwordHash) VALUES (22, 'student6@pathfinder.com', 'STUDENT', 'Student 6', 'abc123');
INSERT INTO `Student` (id, userId, grade, zipCode, majorInterest, counselorId) VALUES (6, 22, 9, '90210', 'CS', 4);
INSERT INTO `User` (id, email, role, name, passwordHash) VALUES (23, 'student7@pathfinder.com', 'STUDENT', 'Student 7', 'abc123');
INSERT INTO `Student` (id, userId, grade, zipCode, majorInterest, counselorId) VALUES (7, 23, 10, '90210', 'CS', 5);
INSERT INTO `User` (id, email, role, name, passwordHash) VALUES (24, 'student8@pathfinder.com', 'STUDENT', 'Student 8', 'abc123');
INSERT INTO `Student` (id, userId, grade, zipCode, majorInterest, counselorId) VALUES (8, 24, 9, '90210', 'CS', 6);
INSERT INTO `User` (id, email, role, name, passwordHash) VALUES (25, 'student9@pathfinder.com', 'STUDENT', 'Student 9', 'abc123');
INSERT INTO `Student` (id, userId, grade, zipCode, majorInterest, counselorId) VALUES (9, 25, 10, '90210', 'CS', 4);
INSERT INTO `User` (id, email, role, name, passwordHash) VALUES (26, 'student10@pathfinder.com', 'STUDENT', 'Student 10', 'abc123');
INSERT INTO `Student` (id, userId, grade, zipCode, majorInterest, counselorId) VALUES (10, 26, 9, '90210', 'CS', 3);
INSERT INTO `User` (id, email, role, name, passwordHash) VALUES (27, 'student11@pathfinder.com', 'STUDENT', 'Student 11', 'abc123');
INSERT INTO `Student` (id, userId, grade, zipCode, majorInterest, counselorId) VALUES (11, 27, 11, '90210', 'CS', 5);
INSERT INTO `User` (id, email, role, name, passwordHash) VALUES (28, 'student12@pathfinder.com', 'STUDENT', 'Student 12', 'abc123');
INSERT INTO `Student` (id, userId, grade, zipCode, majorInterest, counselorId) VALUES (12, 28, 9, '90210', 'CS', 4);
INSERT INTO `User` (id, email, role, name, passwordHash) VALUES (29, 'student13@pathfinder.com', 'STUDENT', 'Student 13', 'abc123');
INSERT INTO `Student` (id, userId, grade, zipCode, majorInterest, counselorId) VALUES (13, 29, 12, '90210', 'CS', 6);
INSERT INTO `User` (id, email, role, name, passwordHash) VALUES (30, 'student14@pathfinder.com', 'STUDENT', 'Student 14', 'abc123');
INSERT INTO `Student` (id, userId, grade, zipCode, majorInterest, counselorId) VALUES (14, 30, 11, '90210', 'CS', 4);
INSERT INTO `User` (id, email, role, name, passwordHash) VALUES (31, 'student15@pathfinder.com', 'STUDENT', 'Student 15', 'abc123');
INSERT INTO `Student` (id, userId, grade, zipCode, majorInterest, counselorId) VALUES (15, 31, 11, '90210', 'CS', 5);
INSERT INTO `User` (id, email, role, name, passwordHash) VALUES (32, 'student16@pathfinder.com', 'STUDENT', 'Student 16', 'abc123');
INSERT INTO `Student` (id, userId, grade, zipCode, majorInterest, counselorId) VALUES (16, 32, 12, '90210', 'CS', 5);
INSERT INTO `User` (id, email, role, name, passwordHash) VALUES (33, 'student17@pathfinder.com', 'STUDENT', 'Student 17', 'abc123');
INSERT INTO `Student` (id, userId, grade, zipCode, majorInterest, counselorId) VALUES (17, 33, 10, '90210', 'CS', 6);
INSERT INTO `User` (id, email, role, name, passwordHash) VALUES (34, 'student18@pathfinder.com', 'STUDENT', 'Student 18', 'abc123');
INSERT INTO `Student` (id, userId, grade, zipCode, majorInterest, counselorId) VALUES (18, 34, 11, '90210', 'CS', 2);
INSERT INTO `User` (id, email, role, name, passwordHash) VALUES (35, 'student19@pathfinder.com', 'STUDENT', 'Student 19', 'abc123');
INSERT INTO `Student` (id, userId, grade, zipCode, majorInterest, counselorId) VALUES (19, 35, 12, '90210', 'CS', 5);
INSERT INTO `User` (id, email, role, name, passwordHash) VALUES (36, 'student20@pathfinder.com', 'STUDENT', 'Student 20', 'abc123');
INSERT INTO `Student` (id, userId, grade, zipCode, majorInterest, counselorId) VALUES (20, 36, 9, '90210', 'CS', 3);
INSERT INTO `User` (id, email, role, name, passwordHash) VALUES (37, 'student21@pathfinder.com', 'STUDENT', 'Student 21', 'abc123');
INSERT INTO `Student` (id, userId, grade, zipCode, majorInterest, counselorId) VALUES (21, 37, 11, '90210', 'CS', 6);
INSERT INTO `User` (id, email, role, name, passwordHash) VALUES (38, 'student22@pathfinder.com', 'STUDENT', 'Student 22', 'abc123');
INSERT INTO `Student` (id, userId, grade, zipCode, majorInterest, counselorId) VALUES (22, 38, 9, '90210', 'CS', 6);
INSERT INTO `User` (id, email, role, name, passwordHash) VALUES (39, 'student23@pathfinder.com', 'STUDENT', 'Student 23', 'abc123');
INSERT INTO `Student` (id, userId, grade, zipCode, majorInterest, counselorId) VALUES (23, 39, 12, '90210', 'CS', 2);
INSERT INTO `User` (id, email, role, name, passwordHash) VALUES (40, 'student24@pathfinder.com', 'STUDENT', 'Student 24', 'abc123');
INSERT INTO `Student` (id, userId, grade, zipCode, majorInterest, counselorId) VALUES (24, 40, 12, '90210', 'CS', 2);
INSERT INTO `User` (id, email, role, name, passwordHash) VALUES (41, 'student25@pathfinder.com', 'STUDENT', 'Student 25', 'abc123');
INSERT INTO `Student` (id, userId, grade, zipCode, majorInterest, counselorId) VALUES (25, 41, 10, '90210', 'CS', 6);
INSERT INTO `User` (id, email, role, name, passwordHash) VALUES (42, 'student26@pathfinder.com', 'STUDENT', 'Student 26', 'abc123');
INSERT INTO `Student` (id, userId, grade, zipCode, majorInterest, counselorId) VALUES (26, 42, 11, '90210', 'CS', 4);
INSERT INTO `User` (id, email, role, name, passwordHash) VALUES (43, 'student27@pathfinder.com', 'STUDENT', 'Student 27', 'abc123');
INSERT INTO `Student` (id, userId, grade, zipCode, majorInterest, counselorId) VALUES (27, 43, 9, '90210', 'CS', 6);
INSERT INTO `User` (id, email, role, name, passwordHash) VALUES (44, 'student28@pathfinder.com', 'STUDENT', 'Student 28', 'abc123');
INSERT INTO `Student` (id, userId, grade, zipCode, majorInterest, counselorId) VALUES (28, 44, 12, '90210', 'CS', 2);
INSERT INTO `User` (id, email, role, name, passwordHash) VALUES (45, 'student29@pathfinder.com', 'STUDENT', 'Student 29', 'abc123');
INSERT INTO `Student` (id, userId, grade, zipCode, majorInterest, counselorId) VALUES (29, 45, 9, '90210', 'CS', 2);
INSERT INTO `User` (id, email, role, name, passwordHash) VALUES (46, 'student30@pathfinder.com', 'STUDENT', 'Student 30', 'abc123');
INSERT INTO `Student` (id, userId, grade, zipCode, majorInterest, counselorId) VALUES (30, 46, 11, '90210', 'CS', 4);
INSERT INTO `User` (id, email, role, name, passwordHash) VALUES (47, 'student31@pathfinder.com', 'STUDENT', 'Student 31', 'abc123');
INSERT INTO `Student` (id, userId, grade, zipCode, majorInterest, counselorId) VALUES (31, 47, 9, '90210', 'CS', 6);
INSERT INTO `User` (id, email, role, name, passwordHash) VALUES (48, 'student32@pathfinder.com', 'STUDENT', 'Student 32', 'abc123');
INSERT INTO `Student` (id, userId, grade, zipCode, majorInterest, counselorId) VALUES (32, 48, 10, '90210', 'CS', 3);
INSERT INTO `User` (id, email, role, name, passwordHash) VALUES (49, 'student33@pathfinder.com', 'STUDENT', 'Student 33', 'abc123');
INSERT INTO `Student` (id, userId, grade, zipCode, majorInterest, counselorId) VALUES (33, 49, 12, '90210', 'CS', 5);
INSERT INTO `User` (id, email, role, name, passwordHash) VALUES (50, 'student34@pathfinder.com', 'STUDENT', 'Student 34', 'abc123');
INSERT INTO `Student` (id, userId, grade, zipCode, majorInterest, counselorId) VALUES (34, 50, 10, '90210', 'CS', 6);
INSERT INTO `User` (id, email, role, name, passwordHash) VALUES (51, 'student35@pathfinder.com', 'STUDENT', 'Student 35', 'abc123');
INSERT INTO `Student` (id, userId, grade, zipCode, majorInterest, counselorId) VALUES (35, 51, 11, '90210', 'CS', 6);
INSERT INTO `User` (id, email, role, name, passwordHash) VALUES (52, 'student36@pathfinder.com', 'STUDENT', 'Student 36', 'abc123');
INSERT INTO `Student` (id, userId, grade, zipCode, majorInterest, counselorId) VALUES (36, 52, 9, '90210', 'CS', 4);
INSERT INTO `User` (id, email, role, name, passwordHash) VALUES (53, 'student37@pathfinder.com', 'STUDENT', 'Student 37', 'abc123');
INSERT INTO `Student` (id, userId, grade, zipCode, majorInterest, counselorId) VALUES (37, 53, 12, '90210', 'CS', 3);
INSERT INTO `User` (id, email, role, name, passwordHash) VALUES (54, 'student38@pathfinder.com', 'STUDENT', 'Student 38', 'abc123');
INSERT INTO `Student` (id, userId, grade, zipCode, majorInterest, counselorId) VALUES (38, 54, 12, '90210', 'CS', 3);
INSERT INTO `User` (id, email, role, name, passwordHash) VALUES (55, 'student39@pathfinder.com', 'STUDENT', 'Student 39', 'abc123');
INSERT INTO `Student` (id, userId, grade, zipCode, majorInterest, counselorId) VALUES (39, 55, 12, '90210', 'CS', 5);
INSERT INTO `User` (id, email, role, name, passwordHash) VALUES (56, 'student40@pathfinder.com', 'STUDENT', 'Student 40', 'abc123');
INSERT INTO `Student` (id, userId, grade, zipCode, majorInterest, counselorId) VALUES (40, 56, 12, '90210', 'CS', 5);
INSERT INTO `User` (id, email, role, name, passwordHash) VALUES (57, 'student41@pathfinder.com', 'STUDENT', 'Student 41', 'abc123');
INSERT INTO `Student` (id, userId, grade, zipCode, majorInterest, counselorId) VALUES (41, 57, 12, '90210', 'CS', 3);
INSERT INTO `User` (id, email, role, name, passwordHash) VALUES (58, 'student42@pathfinder.com', 'STUDENT', 'Student 42', 'abc123');
INSERT INTO `Student` (id, userId, grade, zipCode, majorInterest, counselorId) VALUES (42, 58, 11, '90210', 'CS', 5);
INSERT INTO `User` (id, email, role, name, passwordHash) VALUES (59, 'student43@pathfinder.com', 'STUDENT', 'Student 43', 'abc123');
INSERT INTO `Student` (id, userId, grade, zipCode, majorInterest, counselorId) VALUES (43, 59, 10, '90210', 'CS', 3);
INSERT INTO `User` (id, email, role, name, passwordHash) VALUES (60, 'student44@pathfinder.com', 'STUDENT', 'Student 44', 'abc123');
INSERT INTO `Student` (id, userId, grade, zipCode, majorInterest, counselorId) VALUES (44, 60, 9, '90210', 'CS', 2);
INSERT INTO `User` (id, email, role, name, passwordHash) VALUES (61, 'student45@pathfinder.com', 'STUDENT', 'Student 45', 'abc123');
INSERT INTO `Student` (id, userId, grade, zipCode, majorInterest, counselorId) VALUES (45, 61, 10, '90210', 'CS', 5);
INSERT INTO `User` (id, email, role, name, passwordHash) VALUES (62, 'student46@pathfinder.com', 'STUDENT', 'Student 46', 'abc123');
INSERT INTO `Student` (id, userId, grade, zipCode, majorInterest, counselorId) VALUES (46, 62, 11, '90210', 'CS', 4);
INSERT INTO `User` (id, email, role, name, passwordHash) VALUES (63, 'student47@pathfinder.com', 'STUDENT', 'Student 47', 'abc123');
INSERT INTO `Student` (id, userId, grade, zipCode, majorInterest, counselorId) VALUES (47, 63, 10, '90210', 'CS', 6);
INSERT INTO `User` (id, email, role, name, passwordHash) VALUES (64, 'student48@pathfinder.com', 'STUDENT', 'Student 48', 'abc123');
INSERT INTO `Student` (id, userId, grade, zipCode, majorInterest, counselorId) VALUES (48, 64, 10, '90210', 'CS', 2);
INSERT INTO `User` (id, email, role, name, passwordHash) VALUES (65, 'student49@pathfinder.com', 'STUDENT', 'Student 49', 'abc123');
INSERT INTO `Student` (id, userId, grade, zipCode, majorInterest, counselorId) VALUES (49, 65, 12, '90210', 'CS', 5);
INSERT INTO `User` (id, email, role, name, passwordHash) VALUES (66, 'student50@pathfinder.com', 'STUDENT', 'Student 50', 'abc123');
INSERT INTO `Student` (id, userId, grade, zipCode, majorInterest, counselorId) VALUES (50, 66, 9, '90210', 'CS', 2);
INSERT INTO `StudentParent` (studentId, parentId, permissions) VALUES (1, 7, '{"viewGrades":true}');
INSERT INTO `StudentParent` (studentId, parentId, permissions) VALUES (2, 7, '{"viewGrades":true}');
INSERT INTO `StudentParent` (studentId, parentId, permissions) VALUES (3, 7, '{"viewGrades":true}');
INSERT INTO `StudentParent` (studentId, parentId, permissions) VALUES (4, 9, '{"viewGrades":true}');
INSERT INTO `StudentParent` (studentId, parentId, permissions) VALUES (5, 16, '{"viewGrades":true}');
INSERT INTO `StudentParent` (studentId, parentId, permissions) VALUES (6, 12, '{"viewGrades":true}');
INSERT INTO `StudentParent` (studentId, parentId, permissions) VALUES (7, 15, '{"viewGrades":true}');
INSERT INTO `StudentParent` (studentId, parentId, permissions) VALUES (8, 11, '{"viewGrades":true}');
INSERT INTO `StudentParent` (studentId, parentId, permissions) VALUES (9, 13, '{"viewGrades":true}');
INSERT INTO `StudentParent` (studentId, parentId, permissions) VALUES (10, 16, '{"viewGrades":true}');
INSERT INTO `StudentParent` (studentId, parentId, permissions) VALUES (11, 8, '{"viewGrades":true}');
INSERT INTO `StudentParent` (studentId, parentId, permissions) VALUES (12, 9, '{"viewGrades":true}');
INSERT INTO `StudentParent` (studentId, parentId, permissions) VALUES (13, 14, '{"viewGrades":true}');
INSERT INTO `StudentParent` (studentId, parentId, permissions) VALUES (14, 11, '{"viewGrades":true}');
INSERT INTO `StudentParent` (studentId, parentId, permissions) VALUES (15, 13, '{"viewGrades":true}');
INSERT INTO `StudentParent` (studentId, parentId, permissions) VALUES (16, 8, '{"viewGrades":true}');
INSERT INTO `StudentParent` (studentId, parentId, permissions) VALUES (17, 11, '{"viewGrades":true}');
INSERT INTO `StudentParent` (studentId, parentId, permissions) VALUES (18, 12, '{"viewGrades":true}');
INSERT INTO `StudentParent` (studentId, parentId, permissions) VALUES (19, 12, '{"viewGrades":true}');
INSERT INTO `StudentParent` (studentId, parentId, permissions) VALUES (20, 13, '{"viewGrades":true}');
INSERT INTO `StudentParent` (studentId, parentId, permissions) VALUES (21, 16, '{"viewGrades":true}');
INSERT INTO `StudentParent` (studentId, parentId, permissions) VALUES (22, 14, '{"viewGrades":true}');
INSERT INTO `StudentParent` (studentId, parentId, permissions) VALUES (23, 10, '{"viewGrades":true}');
INSERT INTO `StudentParent` (studentId, parentId, permissions) VALUES (24, 9, '{"viewGrades":true}');
INSERT INTO `StudentParent` (studentId, parentId, permissions) VALUES (25, 11, '{"viewGrades":true}');
INSERT INTO `StudentParent` (studentId, parentId, permissions) VALUES (26, 10, '{"viewGrades":true}');
INSERT INTO `StudentParent` (studentId, parentId, permissions) VALUES (27, 12, '{"viewGrades":true}');
INSERT INTO `StudentParent` (studentId, parentId, permissions) VALUES (28, 7, '{"viewGrades":true}');
INSERT INTO `StudentParent` (studentId, parentId, permissions) VALUES (29, 7, '{"viewGrades":true}');
INSERT INTO `StudentParent` (studentId, parentId, permissions) VALUES (30, 11, '{"viewGrades":true}');
INSERT INTO `StudentParent` (studentId, parentId, permissions) VALUES (31, 11, '{"viewGrades":true}');
INSERT INTO `StudentParent` (studentId, parentId, permissions) VALUES (32, 13, '{"viewGrades":true}');
INSERT INTO `StudentParent` (studentId, parentId, permissions) VALUES (33, 9, '{"viewGrades":true}');
INSERT INTO `StudentParent` (studentId, parentId, permissions) VALUES (34, 15, '{"viewGrades":true}');
INSERT INTO `StudentParent` (studentId, parentId, permissions) VALUES (35, 15, '{"viewGrades":true}');
INSERT INTO `StudentParent` (studentId, parentId, permissions) VALUES (36, 12, '{"viewGrades":true}');
INSERT INTO `StudentParent` (studentId, parentId, permissions) VALUES (37, 13, '{"viewGrades":true}');
INSERT INTO `StudentParent` (studentId, parentId, permissions) VALUES (38, 16, '{"viewGrades":true}');
INSERT INTO `StudentParent` (studentId, parentId, permissions) VALUES (39, 13, '{"viewGrades":true}');
INSERT INTO `StudentParent` (studentId, parentId, permissions) VALUES (40, 16, '{"viewGrades":true}');
INSERT INTO `StudentParent` (studentId, parentId, permissions) VALUES (41, 7, '{"viewGrades":true}');
INSERT INTO `StudentParent` (studentId, parentId, permissions) VALUES (42, 15, '{"viewGrades":true}');
INSERT INTO `StudentParent` (studentId, parentId, permissions) VALUES (43, 16, '{"viewGrades":true}');
INSERT INTO `StudentParent` (studentId, parentId, permissions) VALUES (44, 9, '{"viewGrades":true}');
INSERT INTO `StudentParent` (studentId, parentId, permissions) VALUES (45, 7, '{"viewGrades":true}');
INSERT INTO `StudentParent` (studentId, parentId, permissions) VALUES (46, 8, '{"viewGrades":true}');
INSERT INTO `StudentParent` (studentId, parentId, permissions) VALUES (47, 10, '{"viewGrades":true}');
INSERT INTO `StudentParent` (studentId, parentId, permissions) VALUES (48, 16, '{"viewGrades":true}');
INSERT INTO `StudentParent` (studentId, parentId, permissions) VALUES (49, 10, '{"viewGrades":true}');
INSERT INTO `StudentParent` (studentId, parentId, permissions) VALUES (50, 13, '{"viewGrades":true}');
INSERT INTO `AcademicRecord` (id, studentId, courseName, grade, credits, semester, year, isAP, isHonors) VALUES (1, 1, 'World History', 'A-', 1.0, 'Fall', 2021, 0, 0);
INSERT INTO `AcademicRecord` (id, studentId, courseName, grade, credits, semester, year, isAP, isHonors) VALUES (2, 1, 'Algebra II', 'B', 1.0, 'Fall', 2021, 0, 0);
INSERT INTO `AcademicRecord` (id, studentId, courseName, grade, credits, semester, year, isAP, isHonors) VALUES (3, 1, 'Spanish III', 'B+', 1.0, 'Fall', 2023, 0, 0);
INSERT INTO `AcademicRecord` (id, studentId, courseName, grade, credits, semester, year, isAP, isHonors) VALUES (4, 1, 'AP Calculus BC', 'B', 1.0, 'Fall', 2024, 1, 0);
INSERT INTO `AcademicRecord` (id, studentId, courseName, grade, credits, semester, year, isAP, isHonors) VALUES (5, 1, 'AP Calculus AB', 'B-', 1.0, 'Fall', 2024, 1, 0);
INSERT INTO `AcademicRecord` (id, studentId, courseName, grade, credits, semester, year, isAP, isHonors) VALUES (6, 1, 'AP World History', 'A-', 1.0, 'Fall', 2021, 1, 0);
INSERT INTO `AcademicRecord` (id, studentId, courseName, grade, credits, semester, year, isAP, isHonors) VALUES (7, 1, 'AP US History', 'A', 1.0, 'Fall', 2022, 1, 0);
INSERT INTO `AcademicRecord` (id, studentId, courseName, grade, credits, semester, year, isAP, isHonors) VALUES (8, 1, 'AP Physics 1', 'B', 1.0, 'Fall', 2021, 1, 0);
INSERT INTO `AcademicRecord` (id, studentId, courseName, grade, credits, semester, year, isAP, isHonors) VALUES (9, 1, 'English 12 AP Lit', 'B', 1.0, 'Fall', 2024, 1, 0);
INSERT INTO `AcademicRecord` (id, studentId, courseName, grade, credits, semester, year, isAP, isHonors) VALUES (10, 1, 'English 10', 'C', 1.0, 'Fall', 2021, 0, 0);
INSERT INTO `AcademicRecord` (id, studentId, courseName, grade, credits, semester, year, isAP, isHonors) VALUES (11, 2, 'Pre-Calculus', 'A', 1.0, 'Fall', 2024, 0, 0);
INSERT INTO `AcademicRecord` (id, studentId, courseName, grade, credits, semester, year, isAP, isHonors) VALUES (12, 2, 'Chemistry', 'B', 1.0, 'Fall', 2023, 0, 0);
INSERT INTO `AcademicRecord` (id, studentId, courseName, grade, credits, semester, year, isAP, isHonors) VALUES (13, 2, 'Spanish I', 'A', 1.0, 'Fall', 2023, 0, 0);
INSERT INTO `AcademicRecord` (id, studentId, courseName, grade, credits, semester, year, isAP, isHonors) VALUES (14, 2, 'Biology', 'B-', 1.0, 'Fall', 2021, 0, 0);
INSERT INTO `AcademicRecord` (id, studentId, courseName, grade, credits, semester, year, isAP, isHonors) VALUES (15, 2, 'AP World History', 'A-', 1.0, 'Fall', 2021, 1, 0);
INSERT INTO `AcademicRecord` (id, studentId, courseName, grade, credits, semester, year, isAP, isHonors) VALUES (16, 2, 'Spanish III', 'B+', 1.0, 'Fall', 2022, 0, 0);
INSERT INTO `AcademicRecord` (id, studentId, courseName, grade, credits, semester, year, isAP, isHonors) VALUES (17, 2, 'AP Gov/Econ', 'B-', 1.0, 'Fall', 2024, 1, 0);
INSERT INTO `AcademicRecord` (id, studentId, courseName, grade, credits, semester, year, isAP, isHonors) VALUES (18, 2, 'AP Calculus AB', 'A-', 1.0, 'Fall', 2022, 1, 0);
INSERT INTO `AcademicRecord` (id, studentId, courseName, grade, credits, semester, year, isAP, isHonors) VALUES (19, 2, 'AP US History', 'C+', 1.0, 'Fall', 2023, 1, 0);
INSERT INTO `AcademicRecord` (id, studentId, courseName, grade, credits, semester, year, isAP, isHonors) VALUES (20, 2, 'English 12 AP Lit', 'B+', 1.0, 'Fall', 2021, 1, 0);
INSERT INTO `AcademicRecord` (id, studentId, courseName, grade, credits, semester, year, isAP, isHonors) VALUES (21, 3, 'AP Gov/Econ', 'C+', 1.0, 'Fall', 2023, 1, 0);
INSERT INTO `AcademicRecord` (id, studentId, courseName, grade, credits, semester, year, isAP, isHonors) VALUES (22, 3, 'Algebra II', 'A', 1.0, 'Fall', 2024, 0, 0);
INSERT INTO `AcademicRecord` (id, studentId, courseName, grade, credits, semester, year, isAP, isHonors) VALUES (23, 3, 'AP Physics C', 'B+', 1.0, 'Fall', 2024, 1, 0);
INSERT INTO `AcademicRecord` (id, studentId, courseName, grade, credits, semester, year, isAP, isHonors) VALUES (24, 3, 'Biology', 'B+', 1.0, 'Fall', 2023, 0, 0);
INSERT INTO `AcademicRecord` (id, studentId, courseName, grade, credits, semester, year, isAP, isHonors) VALUES (25, 3, 'English 9', 'B-', 1.0, 'Fall', 2022, 0, 0);
INSERT INTO `AcademicRecord` (id, studentId, courseName, grade, credits, semester, year, isAP, isHonors) VALUES (26, 3, 'Spanish I', 'B', 1.0, 'Fall', 2024, 0, 0);
INSERT INTO `AcademicRecord` (id, studentId, courseName, grade, credits, semester, year, isAP, isHonors) VALUES (27, 3, 'AP Physics 1', 'C+', 1.0, 'Fall', 2023, 1, 0);
INSERT INTO `AcademicRecord` (id, studentId, courseName, grade, credits, semester, year, isAP, isHonors) VALUES (28, 3, 'Chemistry', 'B', 1.0, 'Fall', 2023, 0, 0);
INSERT INTO `AcademicRecord` (id, studentId, courseName, grade, credits, semester, year, isAP, isHonors) VALUES (29, 3, 'AP World History', 'B-', 1.0, 'Fall', 2022, 1, 0);
INSERT INTO `AcademicRecord` (id, studentId, courseName, grade, credits, semester, year, isAP, isHonors) VALUES (30, 3, 'Spanish IV', 'B+', 1.0, 'Fall', 2021, 0, 0);
INSERT INTO `AcademicRecord` (id, studentId, courseName, grade, credits, semester, year, isAP, isHonors) VALUES (31, 4, 'Spanish II', 'C+', 1.0, 'Fall', 2021, 0, 0);
INSERT INTO `AcademicRecord` (id, studentId, courseName, grade, credits, semester, year, isAP, isHonors) VALUES (32, 4, 'AP Calculus BC', 'B', 1.0, 'Fall', 2023, 1, 0);
INSERT INTO `AcademicRecord` (id, studentId, courseName, grade, credits, semester, year, isAP, isHonors) VALUES (33, 4, 'Chemistry', 'C+', 1.0, 'Fall', 2024, 0, 0);
INSERT INTO `AcademicRecord` (id, studentId, courseName, grade, credits, semester, year, isAP, isHonors) VALUES (34, 4, 'Algebra II', 'B', 1.0, 'Fall', 2023, 0, 0);
INSERT INTO `AcademicRecord` (id, studentId, courseName, grade, credits, semester, year, isAP, isHonors) VALUES (35, 4, 'AP Physics 1', 'A-', 1.0, 'Fall', 2021, 1, 0);
INSERT INTO `AcademicRecord` (id, studentId, courseName, grade, credits, semester, year, isAP, isHonors) VALUES (36, 4, 'AP Physics C', 'B+', 1.0, 'Fall', 2024, 1, 0);
INSERT INTO `AcademicRecord` (id, studentId, courseName, grade, credits, semester, year, isAP, isHonors) VALUES (37, 4, 'AP Calculus AB', 'A-', 1.0, 'Fall', 2022, 1, 0);
INSERT INTO `AcademicRecord` (id, studentId, courseName, grade, credits, semester, year, isAP, isHonors) VALUES (38, 4, 'Pre-Calculus', 'C+', 1.0, 'Fall', 2023, 0, 0);
INSERT INTO `AcademicRecord` (id, studentId, courseName, grade, credits, semester, year, isAP, isHonors) VALUES (39, 4, 'Spanish III', 'C+', 1.0, 'Fall', 2021, 0, 0);
INSERT INTO `AcademicRecord` (id, studentId, courseName, grade, credits, semester, year, isAP, isHonors) VALUES (40, 4, 'AP World History', 'B-', 1.0, 'Fall', 2023, 1, 0);
INSERT INTO `AcademicRecord` (id, studentId, courseName, grade, credits, semester, year, isAP, isHonors) VALUES (41, 5, 'Algebra II', 'B+', 1.0, 'Fall', 2024, 0, 0);
INSERT INTO `AcademicRecord` (id, studentId, courseName, grade, credits, semester, year, isAP, isHonors) VALUES (42, 5, 'AP Calculus BC', 'C+', 1.0, 'Fall', 2021, 1, 0);
INSERT INTO `AcademicRecord` (id, studentId, courseName, grade, credits, semester, year, isAP, isHonors) VALUES (43, 5, 'Spanish III', 'A-', 1.0, 'Fall', 2023, 0, 0);
INSERT INTO `AcademicRecord` (id, studentId, courseName, grade, credits, semester, year, isAP, isHonors) VALUES (44, 5, 'Spanish I', 'B+', 1.0, 'Fall', 2022, 0, 0);
INSERT INTO `AcademicRecord` (id, studentId, courseName, grade, credits, semester, year, isAP, isHonors) VALUES (45, 5, 'English 10', 'B', 1.0, 'Fall', 2023, 0, 0);
INSERT INTO `AcademicRecord` (id, studentId, courseName, grade, credits, semester, year, isAP, isHonors) VALUES (46, 5, 'AP US History', 'B', 1.0, 'Fall', 2024, 1, 0);
INSERT INTO `AcademicRecord` (id, studentId, courseName, grade, credits, semester, year, isAP, isHonors) VALUES (47, 5, 'English 9', 'A-', 1.0, 'Fall', 2023, 0, 0);
INSERT INTO `AcademicRecord` (id, studentId, courseName, grade, credits, semester, year, isAP, isHonors) VALUES (48, 5, 'AP Physics 1', 'C', 1.0, 'Fall', 2023, 1, 0);
INSERT INTO `AcademicRecord` (id, studentId, courseName, grade, credits, semester, year, isAP, isHonors) VALUES (49, 5, 'AP World History', 'C+', 1.0, 'Fall', 2024, 1, 0);
INSERT INTO `AcademicRecord` (id, studentId, courseName, grade, credits, semester, year, isAP, isHonors) VALUES (50, 5, 'English 11 AP Lang', 'B+', 1.0, 'Fall', 2024, 1, 0);
INSERT INTO `AcademicRecord` (id, studentId, courseName, grade, credits, semester, year, isAP, isHonors) VALUES (51, 6, 'English 12 AP Lit', 'C+', 1.0, 'Fall', 2023, 1, 0);
INSERT INTO `AcademicRecord` (id, studentId, courseName, grade, credits, semester, year, isAP, isHonors) VALUES (52, 6, 'AP US History', 'B', 1.0, 'Fall', 2021, 1, 0);
INSERT INTO `AcademicRecord` (id, studentId, courseName, grade, credits, semester, year, isAP, isHonors) VALUES (53, 6, 'Pre-Calculus', 'A-', 1.0, 'Fall', 2022, 0, 0);
INSERT INTO `AcademicRecord` (id, studentId, courseName, grade, credits, semester, year, isAP, isHonors) VALUES (54, 6, 'Algebra II', 'B', 1.0, 'Fall', 2022, 0, 0);
INSERT INTO `AcademicRecord` (id, studentId, courseName, grade, credits, semester, year, isAP, isHonors) VALUES (55, 6, 'AP Gov/Econ', 'B', 1.0, 'Fall', 2022, 1, 0);
INSERT INTO `AcademicRecord` (id, studentId, courseName, grade, credits, semester, year, isAP, isHonors) VALUES (56, 6, 'Chemistry', 'B', 1.0, 'Fall', 2021, 0, 0);
INSERT INTO `AcademicRecord` (id, studentId, courseName, grade, credits, semester, year, isAP, isHonors) VALUES (57, 6, 'AP Calculus BC', 'A-', 1.0, 'Fall', 2024, 1, 0);
INSERT INTO `AcademicRecord` (id, studentId, courseName, grade, credits, semester, year, isAP, isHonors) VALUES (58, 6, 'Spanish II', 'B+', 1.0, 'Fall', 2022, 0, 0);
INSERT INTO `AcademicRecord` (id, studentId, courseName, grade, credits, semester, year, isAP, isHonors) VALUES (59, 6, 'Spanish I', 'B+', 1.0, 'Fall', 2023, 0, 0);
INSERT INTO `AcademicRecord` (id, studentId, courseName, grade, credits, semester, year, isAP, isHonors) VALUES (60, 6, 'Spanish IV', 'A-', 1.0, 'Fall', 2022, 0, 0);
INSERT INTO `AcademicRecord` (id, studentId, courseName, grade, credits, semester, year, isAP, isHonors) VALUES (61, 7, 'English 9', 'B', 1.0, 'Fall', 2022, 0, 0);
INSERT INTO `AcademicRecord` (id, studentId, courseName, grade, credits, semester, year, isAP, isHonors) VALUES (62, 7, 'AP Physics C', 'B', 1.0, 'Fall', 2023, 1, 0);
INSERT INTO `AcademicRecord` (id, studentId, courseName, grade, credits, semester, year, isAP, isHonors) VALUES (63, 7, 'English 11 AP Lang', 'B+', 1.0, 'Fall', 2021, 1, 0);
INSERT INTO `AcademicRecord` (id, studentId, courseName, grade, credits, semester, year, isAP, isHonors) VALUES (64, 7, 'AP Gov/Econ', 'B', 1.0, 'Fall', 2022, 1, 0);
INSERT INTO `AcademicRecord` (id, studentId, courseName, grade, credits, semester, year, isAP, isHonors) VALUES (65, 7, 'Biology', 'B+', 1.0, 'Fall', 2023, 0, 0);
INSERT INTO `AcademicRecord` (id, studentId, courseName, grade, credits, semester, year, isAP, isHonors) VALUES (66, 7, 'AP US History', 'C+', 1.0, 'Fall', 2021, 1, 0);
INSERT INTO `AcademicRecord` (id, studentId, courseName, grade, credits, semester, year, isAP, isHonors) VALUES (67, 7, 'AP World History', 'C+', 1.0, 'Fall', 2021, 1, 0);
INSERT INTO `AcademicRecord` (id, studentId, courseName, grade, credits, semester, year, isAP, isHonors) VALUES (68, 7, 'World History', 'A', 1.0, 'Fall', 2022, 0, 0);
INSERT INTO `AcademicRecord` (id, studentId, courseName, grade, credits, semester, year, isAP, isHonors) VALUES (69, 7, 'Pre-Calculus', 'C', 1.0, 'Fall', 2023, 0, 0);
INSERT INTO `AcademicRecord` (id, studentId, courseName, grade, credits, semester, year, isAP, isHonors) VALUES (70, 7, 'Algebra II', 'B+', 1.0, 'Fall', 2024, 0, 0);
INSERT INTO `AcademicRecord` (id, studentId, courseName, grade, credits, semester, year, isAP, isHonors) VALUES (71, 8, 'Algebra II', 'A-', 1.0, 'Fall', 2023, 0, 0);
INSERT INTO `AcademicRecord` (id, studentId, courseName, grade, credits, semester, year, isAP, isHonors) VALUES (72, 8, 'Biology', 'B-', 1.0, 'Fall', 2023, 0, 0);
INSERT INTO `AcademicRecord` (id, studentId, courseName, grade, credits, semester, year, isAP, isHonors) VALUES (73, 8, 'English 10', 'A-', 1.0, 'Fall', 2022, 0, 0);
INSERT INTO `AcademicRecord` (id, studentId, courseName, grade, credits, semester, year, isAP, isHonors) VALUES (74, 8, 'Spanish II', 'B+', 1.0, 'Fall', 2024, 0, 0);
INSERT INTO `AcademicRecord` (id, studentId, courseName, grade, credits, semester, year, isAP, isHonors) VALUES (75, 8, 'AP Physics 1', 'A-', 1.0, 'Fall', 2024, 1, 0);
INSERT INTO `AcademicRecord` (id, studentId, courseName, grade, credits, semester, year, isAP, isHonors) VALUES (76, 8, 'English 12 AP Lit', 'C+', 1.0, 'Fall', 2022, 1, 0);
INSERT INTO `AcademicRecord` (id, studentId, courseName, grade, credits, semester, year, isAP, isHonors) VALUES (77, 8, 'Spanish I', 'C', 1.0, 'Fall', 2022, 0, 0);
INSERT INTO `AcademicRecord` (id, studentId, courseName, grade, credits, semester, year, isAP, isHonors) VALUES (78, 8, 'Spanish III', 'A', 1.0, 'Fall', 2023, 0, 0);
INSERT INTO `AcademicRecord` (id, studentId, courseName, grade, credits, semester, year, isAP, isHonors) VALUES (79, 8, 'World History', 'A', 1.0, 'Fall', 2024, 0, 0);
INSERT INTO `AcademicRecord` (id, studentId, courseName, grade, credits, semester, year, isAP, isHonors) VALUES (80, 8, 'AP Physics C', 'C+', 1.0, 'Fall', 2021, 1, 0);
INSERT INTO `AcademicRecord` (id, studentId, courseName, grade, credits, semester, year, isAP, isHonors) VALUES (81, 9, 'AP World History', 'A', 1.0, 'Fall', 2021, 1, 0);
INSERT INTO `AcademicRecord` (id, studentId, courseName, grade, credits, semester, year, isAP, isHonors) VALUES (82, 9, 'Spanish III', 'C+', 1.0, 'Fall', 2022, 0, 0);
INSERT INTO `AcademicRecord` (id, studentId, courseName, grade, credits, semester, year, isAP, isHonors) VALUES (83, 9, 'English 11 AP Lang', 'C', 1.0, 'Fall', 2021, 1, 0);
INSERT INTO `AcademicRecord` (id, studentId, courseName, grade, credits, semester, year, isAP, isHonors) VALUES (84, 9, 'AP Physics C', 'B-', 1.0, 'Fall', 2024, 1, 0);
INSERT INTO `AcademicRecord` (id, studentId, courseName, grade, credits, semester, year, isAP, isHonors) VALUES (85, 9, 'AP Calculus AB', 'B', 1.0, 'Fall', 2021, 1, 0);
INSERT INTO `AcademicRecord` (id, studentId, courseName, grade, credits, semester, year, isAP, isHonors) VALUES (86, 9, 'AP Calculus BC', 'A-', 1.0, 'Fall', 2024, 1, 0);
INSERT INTO `AcademicRecord` (id, studentId, courseName, grade, credits, semester, year, isAP, isHonors) VALUES (87, 9, 'Chemistry', 'B', 1.0, 'Fall', 2023, 0, 0);
INSERT INTO `AcademicRecord` (id, studentId, courseName, grade, credits, semester, year, isAP, isHonors) VALUES (88, 9, 'English 10', 'B-', 1.0, 'Fall', 2023, 0, 0);
INSERT INTO `AcademicRecord` (id, studentId, courseName, grade, credits, semester, year, isAP, isHonors) VALUES (89, 9, 'AP US History', 'A-', 1.0, 'Fall', 2023, 1, 0);
INSERT INTO `AcademicRecord` (id, studentId, courseName, grade, credits, semester, year, isAP, isHonors) VALUES (90, 9, 'AP Gov/Econ', 'B', 1.0, 'Fall', 2023, 1, 0);
INSERT INTO `AcademicRecord` (id, studentId, courseName, grade, credits, semester, year, isAP, isHonors) VALUES (91, 10, 'Biology', 'A', 1.0, 'Fall', 2024, 0, 0);
INSERT INTO `AcademicRecord` (id, studentId, courseName, grade, credits, semester, year, isAP, isHonors) VALUES (92, 10, 'AP US History', 'C+', 1.0, 'Fall', 2021, 1, 0);
INSERT INTO `AcademicRecord` (id, studentId, courseName, grade, credits, semester, year, isAP, isHonors) VALUES (93, 10, 'English 12 AP Lit', 'A', 1.0, 'Fall', 2021, 1, 0);
INSERT INTO `AcademicRecord` (id, studentId, courseName, grade, credits, semester, year, isAP, isHonors) VALUES (94, 10, 'AP Physics 1', 'C', 1.0, 'Fall', 2021, 1, 0);
INSERT INTO `AcademicRecord` (id, studentId, courseName, grade, credits, semester, year, isAP, isHonors) VALUES (95, 10, 'Pre-Calculus', 'C+', 1.0, 'Fall', 2023, 0, 0);
INSERT INTO `AcademicRecord` (id, studentId, courseName, grade, credits, semester, year, isAP, isHonors) VALUES (96, 10, 'AP Gov/Econ', 'C+', 1.0, 'Fall', 2023, 1, 0);
INSERT INTO `AcademicRecord` (id, studentId, courseName, grade, credits, semester, year, isAP, isHonors) VALUES (97, 10, 'AP World History', 'B-', 1.0, 'Fall', 2022, 1, 0);
INSERT INTO `AcademicRecord` (id, studentId, courseName, grade, credits, semester, year, isAP, isHonors) VALUES (98, 10, 'AP Calculus AB', 'C+', 1.0, 'Fall', 2021, 1, 0);
INSERT INTO `AcademicRecord` (id, studentId, courseName, grade, credits, semester, year, isAP, isHonors) VALUES (99, 10, 'World History', 'C+', 1.0, 'Fall', 2022, 0, 0);
INSERT INTO `AcademicRecord` (id, studentId, courseName, grade, credits, semester, year, isAP, isHonors) VALUES (100, 10, 'AP Physics C', 'C+', 1.0, 'Fall', 2024, 1, 0);
INSERT INTO `AcademicRecord` (id, studentId, courseName, grade, credits, semester, year, isAP, isHonors) VALUES (101, 11, 'Spanish IV', 'B-', 1.0, 'Fall', 2024, 0, 0);
INSERT INTO `AcademicRecord` (id, studentId, courseName, grade, credits, semester, year, isAP, isHonors) VALUES (102, 11, 'AP Physics 1', 'C+', 1.0, 'Fall', 2024, 1, 0);
INSERT INTO `AcademicRecord` (id, studentId, courseName, grade, credits, semester, year, isAP, isHonors) VALUES (103, 11, 'World History', 'C+', 1.0, 'Fall', 2023, 0, 0);
INSERT INTO `AcademicRecord` (id, studentId, courseName, grade, credits, semester, year, isAP, isHonors) VALUES (104, 11, 'English 12 AP Lit', 'B-', 1.0, 'Fall', 2022, 1, 0);
INSERT INTO `AcademicRecord` (id, studentId, courseName, grade, credits, semester, year, isAP, isHonors) VALUES (105, 11, 'AP World History', 'B', 1.0, 'Fall', 2024, 1, 0);
INSERT INTO `AcademicRecord` (id, studentId, courseName, grade, credits, semester, year, isAP, isHonors) VALUES (106, 11, 'Chemistry', 'A', 1.0, 'Fall', 2024, 0, 0);
INSERT INTO `AcademicRecord` (id, studentId, courseName, grade, credits, semester, year, isAP, isHonors) VALUES (107, 11, 'Pre-Calculus', 'C', 1.0, 'Fall', 2021, 0, 0);
INSERT INTO `AcademicRecord` (id, studentId, courseName, grade, credits, semester, year, isAP, isHonors) VALUES (108, 11, 'Spanish II', 'A-', 1.0, 'Fall', 2021, 0, 0);
INSERT INTO `AcademicRecord` (id, studentId, courseName, grade, credits, semester, year, isAP, isHonors) VALUES (109, 11, 'English 9', 'C+', 1.0, 'Fall', 2023, 0, 0);
INSERT INTO `AcademicRecord` (id, studentId, courseName, grade, credits, semester, year, isAP, isHonors) VALUES (110, 11, 'AP US History', 'B+', 1.0, 'Fall', 2024, 1, 0);
INSERT INTO `AcademicRecord` (id, studentId, courseName, grade, credits, semester, year, isAP, isHonors) VALUES (111, 12, 'AP Calculus AB', 'C', 1.0, 'Fall', 2022, 1, 0);
INSERT INTO `AcademicRecord` (id, studentId, courseName, grade, credits, semester, year, isAP, isHonors) VALUES (112, 12, 'Spanish IV', 'B', 1.0, 'Fall', 2022, 0, 0);
INSERT INTO `AcademicRecord` (id, studentId, courseName, grade, credits, semester, year, isAP, isHonors) VALUES (113, 12, 'Spanish II', 'B-', 1.0, 'Fall', 2022, 0, 0);
INSERT INTO `AcademicRecord` (id, studentId, courseName, grade, credits, semester, year, isAP, isHonors) VALUES (114, 12, 'AP Calculus BC', 'C+', 1.0, 'Fall', 2022, 1, 0);
INSERT INTO `AcademicRecord` (id, studentId, courseName, grade, credits, semester, year, isAP, isHonors) VALUES (115, 12, 'English 12 AP Lit', 'B+', 1.0, 'Fall', 2024, 1, 0);
INSERT INTO `AcademicRecord` (id, studentId, courseName, grade, credits, semester, year, isAP, isHonors) VALUES (116, 12, 'Pre-Calculus', 'C', 1.0, 'Fall', 2024, 0, 0);
INSERT INTO `AcademicRecord` (id, studentId, courseName, grade, credits, semester, year, isAP, isHonors) VALUES (117, 12, 'AP Physics C', 'C+', 1.0, 'Fall', 2022, 1, 0);
INSERT INTO `AcademicRecord` (id, studentId, courseName, grade, credits, semester, year, isAP, isHonors) VALUES (118, 12, 'Spanish I', 'B+', 1.0, 'Fall', 2024, 0, 0);
INSERT INTO `AcademicRecord` (id, studentId, courseName, grade, credits, semester, year, isAP, isHonors) VALUES (119, 12, 'Algebra II', 'B-', 1.0, 'Fall', 2024, 0, 0);
INSERT INTO `AcademicRecord` (id, studentId, courseName, grade, credits, semester, year, isAP, isHonors) VALUES (120, 12, 'AP Gov/Econ', 'C+', 1.0, 'Fall', 2022, 1, 0);
INSERT INTO `AcademicRecord` (id, studentId, courseName, grade, credits, semester, year, isAP, isHonors) VALUES (121, 13, 'AP Calculus AB', 'B', 1.0, 'Fall', 2021, 1, 0);
INSERT INTO `AcademicRecord` (id, studentId, courseName, grade, credits, semester, year, isAP, isHonors) VALUES (122, 13, 'English 12 AP Lit', 'C+', 1.0, 'Fall', 2023, 1, 0);
INSERT INTO `AcademicRecord` (id, studentId, courseName, grade, credits, semester, year, isAP, isHonors) VALUES (123, 13, 'Spanish I', 'A-', 1.0, 'Fall', 2024, 0, 0);
INSERT INTO `AcademicRecord` (id, studentId, courseName, grade, credits, semester, year, isAP, isHonors) VALUES (124, 13, 'Chemistry', 'B', 1.0, 'Fall', 2022, 0, 0);
INSERT INTO `AcademicRecord` (id, studentId, courseName, grade, credits, semester, year, isAP, isHonors) VALUES (125, 13, 'AP US History', 'B+', 1.0, 'Fall', 2024, 1, 0);
INSERT INTO `AcademicRecord` (id, studentId, courseName, grade, credits, semester, year, isAP, isHonors) VALUES (126, 13, 'AP Calculus BC', 'A', 1.0, 'Fall', 2022, 1, 0);
INSERT INTO `AcademicRecord` (id, studentId, courseName, grade, credits, semester, year, isAP, isHonors) VALUES (127, 13, 'AP Physics C', 'C+', 1.0, 'Fall', 2022, 1, 0);
INSERT INTO `AcademicRecord` (id, studentId, courseName, grade, credits, semester, year, isAP, isHonors) VALUES (128, 13, 'AP Physics 1', 'C', 1.0, 'Fall', 2021, 1, 0);
INSERT INTO `AcademicRecord` (id, studentId, courseName, grade, credits, semester, year, isAP, isHonors) VALUES (129, 13, 'Spanish IV', 'B+', 1.0, 'Fall', 2021, 0, 0);
INSERT INTO `AcademicRecord` (id, studentId, courseName, grade, credits, semester, year, isAP, isHonors) VALUES (130, 13, 'AP World History', 'C+', 1.0, 'Fall', 2021, 1, 0);
INSERT INTO `AcademicRecord` (id, studentId, courseName, grade, credits, semester, year, isAP, isHonors) VALUES (131, 14, 'AP Calculus AB', 'A-', 1.0, 'Fall', 2022, 1, 0);
INSERT INTO `AcademicRecord` (id, studentId, courseName, grade, credits, semester, year, isAP, isHonors) VALUES (132, 14, 'Pre-Calculus', 'B', 1.0, 'Fall', 2022, 0, 0);
INSERT INTO `AcademicRecord` (id, studentId, courseName, grade, credits, semester, year, isAP, isHonors) VALUES (133, 14, 'Algebra II', 'B-', 1.0, 'Fall', 2023, 0, 0);
INSERT INTO `AcademicRecord` (id, studentId, courseName, grade, credits, semester, year, isAP, isHonors) VALUES (134, 14, 'Spanish IV', 'C', 1.0, 'Fall', 2021, 0, 0);
INSERT INTO `AcademicRecord` (id, studentId, courseName, grade, credits, semester, year, isAP, isHonors) VALUES (135, 14, 'Biology', 'B', 1.0, 'Fall', 2024, 0, 0);
INSERT INTO `AcademicRecord` (id, studentId, courseName, grade, credits, semester, year, isAP, isHonors) VALUES (136, 14, 'AP Gov/Econ', 'B+', 1.0, 'Fall', 2022, 1, 0);
INSERT INTO `AcademicRecord` (id, studentId, courseName, grade, credits, semester, year, isAP, isHonors) VALUES (137, 14, 'Spanish III', 'C', 1.0, 'Fall', 2023, 0, 0);
INSERT INTO `AcademicRecord` (id, studentId, courseName, grade, credits, semester, year, isAP, isHonors) VALUES (138, 14, 'AP Physics 1', 'B-', 1.0, 'Fall', 2021, 1, 0);
INSERT INTO `AcademicRecord` (id, studentId, courseName, grade, credits, semester, year, isAP, isHonors) VALUES (139, 14, 'English 9', 'C+', 1.0, 'Fall', 2024, 0, 0);
INSERT INTO `AcademicRecord` (id, studentId, courseName, grade, credits, semester, year, isAP, isHonors) VALUES (140, 14, 'AP World History', 'C+', 1.0, 'Fall', 2022, 1, 0);
INSERT INTO `AcademicRecord` (id, studentId, courseName, grade, credits, semester, year, isAP, isHonors) VALUES (141, 15, 'World History', 'B', 1.0, 'Fall', 2023, 0, 0);
INSERT INTO `AcademicRecord` (id, studentId, courseName, grade, credits, semester, year, isAP, isHonors) VALUES (142, 15, 'Chemistry', 'B', 1.0, 'Fall', 2022, 0, 0);
INSERT INTO `AcademicRecord` (id, studentId, courseName, grade, credits, semester, year, isAP, isHonors) VALUES (143, 15, 'Spanish III', 'B-', 1.0, 'Fall', 2023, 0, 0);
INSERT INTO `AcademicRecord` (id, studentId, courseName, grade, credits, semester, year, isAP, isHonors) VALUES (144, 15, 'AP Physics C', 'C+', 1.0, 'Fall', 2022, 1, 0);
INSERT INTO `AcademicRecord` (id, studentId, courseName, grade, credits, semester, year, isAP, isHonors) VALUES (145, 15, 'Spanish IV', 'B-', 1.0, 'Fall', 2022, 0, 0);
INSERT INTO `AcademicRecord` (id, studentId, courseName, grade, credits, semester, year, isAP, isHonors) VALUES (146, 15, 'Biology', 'B+', 1.0, 'Fall', 2023, 0, 0);
INSERT INTO `AcademicRecord` (id, studentId, courseName, grade, credits, semester, year, isAP, isHonors) VALUES (147, 15, 'AP Calculus AB', 'B-', 1.0, 'Fall', 2022, 1, 0);
INSERT INTO `AcademicRecord` (id, studentId, courseName, grade, credits, semester, year, isAP, isHonors) VALUES (148, 15, 'English 11 AP Lang', 'B+', 1.0, 'Fall', 2024, 1, 0);
INSERT INTO `AcademicRecord` (id, studentId, courseName, grade, credits, semester, year, isAP, isHonors) VALUES (149, 15, 'Pre-Calculus', 'C+', 1.0, 'Fall', 2021, 0, 0);
INSERT INTO `AcademicRecord` (id, studentId, courseName, grade, credits, semester, year, isAP, isHonors) VALUES (150, 15, 'AP World History', 'C', 1.0, 'Fall', 2024, 1, 0);
INSERT INTO `AcademicRecord` (id, studentId, courseName, grade, credits, semester, year, isAP, isHonors) VALUES (151, 16, 'AP World History', 'B+', 1.0, 'Fall', 2024, 1, 0);
INSERT INTO `AcademicRecord` (id, studentId, courseName, grade, credits, semester, year, isAP, isHonors) VALUES (152, 16, 'AP Gov/Econ', 'B-', 1.0, 'Fall', 2021, 1, 0);
INSERT INTO `AcademicRecord` (id, studentId, courseName, grade, credits, semester, year, isAP, isHonors) VALUES (153, 16, 'AP US History', 'B-', 1.0, 'Fall', 2021, 1, 0);
INSERT INTO `AcademicRecord` (id, studentId, courseName, grade, credits, semester, year, isAP, isHonors) VALUES (154, 16, 'AP Physics C', 'A-', 1.0, 'Fall', 2023, 1, 0);
INSERT INTO `AcademicRecord` (id, studentId, courseName, grade, credits, semester, year, isAP, isHonors) VALUES (155, 16, 'English 10', 'B-', 1.0, 'Fall', 2022, 0, 0);
INSERT INTO `AcademicRecord` (id, studentId, courseName, grade, credits, semester, year, isAP, isHonors) VALUES (156, 16, 'Biology', 'B+', 1.0, 'Fall', 2022, 0, 0);
INSERT INTO `AcademicRecord` (id, studentId, courseName, grade, credits, semester, year, isAP, isHonors) VALUES (157, 16, 'Spanish II', 'B+', 1.0, 'Fall', 2023, 0, 0);
INSERT INTO `AcademicRecord` (id, studentId, courseName, grade, credits, semester, year, isAP, isHonors) VALUES (158, 16, 'AP Calculus BC', 'B', 1.0, 'Fall', 2024, 1, 0);
INSERT INTO `AcademicRecord` (id, studentId, courseName, grade, credits, semester, year, isAP, isHonors) VALUES (159, 16, 'English 12 AP Lit', 'B', 1.0, 'Fall', 2021, 1, 0);
INSERT INTO `AcademicRecord` (id, studentId, courseName, grade, credits, semester, year, isAP, isHonors) VALUES (160, 16, 'Chemistry', 'B+', 1.0, 'Fall', 2024, 0, 0);
INSERT INTO `AcademicRecord` (id, studentId, courseName, grade, credits, semester, year, isAP, isHonors) VALUES (161, 17, 'Biology', 'C', 1.0, 'Fall', 2023, 0, 0);
INSERT INTO `AcademicRecord` (id, studentId, courseName, grade, credits, semester, year, isAP, isHonors) VALUES (162, 17, 'Algebra II', 'B', 1.0, 'Fall', 2021, 0, 0);
INSERT INTO `AcademicRecord` (id, studentId, courseName, grade, credits, semester, year, isAP, isHonors) VALUES (163, 17, 'AP Calculus BC', 'B+', 1.0, 'Fall', 2024, 1, 0);
INSERT INTO `AcademicRecord` (id, studentId, courseName, grade, credits, semester, year, isAP, isHonors) VALUES (164, 17, 'Spanish IV', 'B', 1.0, 'Fall', 2022, 0, 0);
INSERT INTO `AcademicRecord` (id, studentId, courseName, grade, credits, semester, year, isAP, isHonors) VALUES (165, 17, 'English 9', 'B-', 1.0, 'Fall', 2022, 0, 0);
INSERT INTO `AcademicRecord` (id, studentId, courseName, grade, credits, semester, year, isAP, isHonors) VALUES (166, 17, 'Spanish I', 'A', 1.0, 'Fall', 2023, 0, 0);
INSERT INTO `AcademicRecord` (id, studentId, courseName, grade, credits, semester, year, isAP, isHonors) VALUES (167, 17, 'Spanish III', 'C+', 1.0, 'Fall', 2021, 0, 0);
INSERT INTO `AcademicRecord` (id, studentId, courseName, grade, credits, semester, year, isAP, isHonors) VALUES (168, 17, 'AP Physics 1', 'C+', 1.0, 'Fall', 2021, 1, 0);
INSERT INTO `AcademicRecord` (id, studentId, courseName, grade, credits, semester, year, isAP, isHonors) VALUES (169, 17, 'World History', 'A', 1.0, 'Fall', 2021, 0, 0);
INSERT INTO `AcademicRecord` (id, studentId, courseName, grade, credits, semester, year, isAP, isHonors) VALUES (170, 17, 'Chemistry', 'A', 1.0, 'Fall', 2022, 0, 0);
INSERT INTO `AcademicRecord` (id, studentId, courseName, grade, credits, semester, year, isAP, isHonors) VALUES (171, 18, 'Spanish IV', 'B+', 1.0, 'Fall', 2023, 0, 0);
INSERT INTO `AcademicRecord` (id, studentId, courseName, grade, credits, semester, year, isAP, isHonors) VALUES (172, 18, 'Pre-Calculus', 'A-', 1.0, 'Fall', 2024, 0, 0);
INSERT INTO `AcademicRecord` (id, studentId, courseName, grade, credits, semester, year, isAP, isHonors) VALUES (173, 18, 'English 11 AP Lang', 'C', 1.0, 'Fall', 2021, 1, 0);
INSERT INTO `AcademicRecord` (id, studentId, courseName, grade, credits, semester, year, isAP, isHonors) VALUES (174, 18, 'English 9', 'A', 1.0, 'Fall', 2022, 0, 0);
INSERT INTO `AcademicRecord` (id, studentId, courseName, grade, credits, semester, year, isAP, isHonors) VALUES (175, 18, 'AP Gov/Econ', 'B+', 1.0, 'Fall', 2023, 1, 0);
INSERT INTO `AcademicRecord` (id, studentId, courseName, grade, credits, semester, year, isAP, isHonors) VALUES (176, 18, 'Spanish III', 'B-', 1.0, 'Fall', 2023, 0, 0);
INSERT INTO `AcademicRecord` (id, studentId, courseName, grade, credits, semester, year, isAP, isHonors) VALUES (177, 18, 'Algebra II', 'C+', 1.0, 'Fall', 2023, 0, 0);
INSERT INTO `AcademicRecord` (id, studentId, courseName, grade, credits, semester, year, isAP, isHonors) VALUES (178, 18, 'Chemistry', 'B-', 1.0, 'Fall', 2022, 0, 0);
INSERT INTO `AcademicRecord` (id, studentId, courseName, grade, credits, semester, year, isAP, isHonors) VALUES (179, 18, 'AP US History', 'A-', 1.0, 'Fall', 2022, 1, 0);
INSERT INTO `AcademicRecord` (id, studentId, courseName, grade, credits, semester, year, isAP, isHonors) VALUES (180, 18, 'AP Physics 1', 'B-', 1.0, 'Fall', 2024, 1, 0);
INSERT INTO `AcademicRecord` (id, studentId, courseName, grade, credits, semester, year, isAP, isHonors) VALUES (181, 19, 'AP World History', 'C+', 1.0, 'Fall', 2022, 1, 0);
INSERT INTO `AcademicRecord` (id, studentId, courseName, grade, credits, semester, year, isAP, isHonors) VALUES (182, 19, 'Spanish III', 'A', 1.0, 'Fall', 2022, 0, 0);
INSERT INTO `AcademicRecord` (id, studentId, courseName, grade, credits, semester, year, isAP, isHonors) VALUES (183, 19, 'AP Physics 1', 'C', 1.0, 'Fall', 2024, 1, 0);
INSERT INTO `AcademicRecord` (id, studentId, courseName, grade, credits, semester, year, isAP, isHonors) VALUES (184, 19, 'Spanish IV', 'A', 1.0, 'Fall', 2021, 0, 0);
INSERT INTO `AcademicRecord` (id, studentId, courseName, grade, credits, semester, year, isAP, isHonors) VALUES (185, 19, 'AP Calculus BC', 'C', 1.0, 'Fall', 2024, 1, 0);
INSERT INTO `AcademicRecord` (id, studentId, courseName, grade, credits, semester, year, isAP, isHonors) VALUES (186, 19, 'Biology', 'B', 1.0, 'Fall', 2021, 0, 0);
INSERT INTO `AcademicRecord` (id, studentId, courseName, grade, credits, semester, year, isAP, isHonors) VALUES (187, 19, 'Pre-Calculus', 'B', 1.0, 'Fall', 2021, 0, 0);
INSERT INTO `AcademicRecord` (id, studentId, courseName, grade, credits, semester, year, isAP, isHonors) VALUES (188, 19, 'English 11 AP Lang', 'A-', 1.0, 'Fall', 2022, 1, 0);
INSERT INTO `AcademicRecord` (id, studentId, courseName, grade, credits, semester, year, isAP, isHonors) VALUES (189, 19, 'AP Gov/Econ', 'B-', 1.0, 'Fall', 2023, 1, 0);
INSERT INTO `AcademicRecord` (id, studentId, courseName, grade, credits, semester, year, isAP, isHonors) VALUES (190, 19, 'English 9', 'A-', 1.0, 'Fall', 2022, 0, 0);
INSERT INTO `AcademicRecord` (id, studentId, courseName, grade, credits, semester, year, isAP, isHonors) VALUES (191, 20, 'Spanish IV', 'A-', 1.0, 'Fall', 2022, 0, 0);
INSERT INTO `AcademicRecord` (id, studentId, courseName, grade, credits, semester, year, isAP, isHonors) VALUES (192, 20, 'World History', 'C+', 1.0, 'Fall', 2021, 0, 0);
INSERT INTO `AcademicRecord` (id, studentId, courseName, grade, credits, semester, year, isAP, isHonors) VALUES (193, 20, 'English 9', 'C+', 1.0, 'Fall', 2021, 0, 0);
INSERT INTO `AcademicRecord` (id, studentId, courseName, grade, credits, semester, year, isAP, isHonors) VALUES (194, 20, 'Biology', 'C+', 1.0, 'Fall', 2023, 0, 0);
INSERT INTO `AcademicRecord` (id, studentId, courseName, grade, credits, semester, year, isAP, isHonors) VALUES (195, 20, 'AP Gov/Econ', 'B', 1.0, 'Fall', 2021, 1, 0);
INSERT INTO `AcademicRecord` (id, studentId, courseName, grade, credits, semester, year, isAP, isHonors) VALUES (196, 20, 'AP Calculus AB', 'B', 1.0, 'Fall', 2023, 1, 0);
INSERT INTO `AcademicRecord` (id, studentId, courseName, grade, credits, semester, year, isAP, isHonors) VALUES (197, 20, 'AP World History', 'A', 1.0, 'Fall', 2022, 1, 0);
INSERT INTO `AcademicRecord` (id, studentId, courseName, grade, credits, semester, year, isAP, isHonors) VALUES (198, 20, 'AP Calculus BC', 'B+', 1.0, 'Fall', 2021, 1, 0);
INSERT INTO `AcademicRecord` (id, studentId, courseName, grade, credits, semester, year, isAP, isHonors) VALUES (199, 20, 'Spanish III', 'C', 1.0, 'Fall', 2023, 0, 0);
INSERT INTO `AcademicRecord` (id, studentId, courseName, grade, credits, semester, year, isAP, isHonors) VALUES (200, 20, 'AP Physics C', 'C', 1.0, 'Fall', 2023, 1, 0);
INSERT INTO `AcademicRecord` (id, studentId, courseName, grade, credits, semester, year, isAP, isHonors) VALUES (201, 21, 'AP Physics C', 'B', 1.0, 'Fall', 2021, 1, 0);
INSERT INTO `AcademicRecord` (id, studentId, courseName, grade, credits, semester, year, isAP, isHonors) VALUES (202, 21, 'AP US History', 'A', 1.0, 'Fall', 2024, 1, 0);
INSERT INTO `AcademicRecord` (id, studentId, courseName, grade, credits, semester, year, isAP, isHonors) VALUES (203, 21, 'Algebra II', 'A', 1.0, 'Fall', 2024, 0, 0);
INSERT INTO `AcademicRecord` (id, studentId, courseName, grade, credits, semester, year, isAP, isHonors) VALUES (204, 21, 'Biology', 'B-', 1.0, 'Fall', 2021, 0, 0);
INSERT INTO `AcademicRecord` (id, studentId, courseName, grade, credits, semester, year, isAP, isHonors) VALUES (205, 21, 'English 9', 'A-', 1.0, 'Fall', 2023, 0, 0);
INSERT INTO `AcademicRecord` (id, studentId, courseName, grade, credits, semester, year, isAP, isHonors) VALUES (206, 21, 'English 10', 'B+', 1.0, 'Fall', 2024, 0, 0);
INSERT INTO `AcademicRecord` (id, studentId, courseName, grade, credits, semester, year, isAP, isHonors) VALUES (207, 21, 'Pre-Calculus', 'A', 1.0, 'Fall', 2024, 0, 0);
INSERT INTO `AcademicRecord` (id, studentId, courseName, grade, credits, semester, year, isAP, isHonors) VALUES (208, 21, 'Chemistry', 'B-', 1.0, 'Fall', 2021, 0, 0);
INSERT INTO `AcademicRecord` (id, studentId, courseName, grade, credits, semester, year, isAP, isHonors) VALUES (209, 21, 'World History', 'B', 1.0, 'Fall', 2024, 0, 0);
INSERT INTO `AcademicRecord` (id, studentId, courseName, grade, credits, semester, year, isAP, isHonors) VALUES (210, 21, 'Spanish I', 'B+', 1.0, 'Fall', 2023, 0, 0);
INSERT INTO `AcademicRecord` (id, studentId, courseName, grade, credits, semester, year, isAP, isHonors) VALUES (211, 22, 'Biology', 'B-', 1.0, 'Fall', 2024, 0, 0);
INSERT INTO `AcademicRecord` (id, studentId, courseName, grade, credits, semester, year, isAP, isHonors) VALUES (212, 22, 'Chemistry', 'A', 1.0, 'Fall', 2022, 0, 0);
INSERT INTO `AcademicRecord` (id, studentId, courseName, grade, credits, semester, year, isAP, isHonors) VALUES (213, 22, 'English 11 AP Lang', 'A-', 1.0, 'Fall', 2021, 1, 0);
INSERT INTO `AcademicRecord` (id, studentId, courseName, grade, credits, semester, year, isAP, isHonors) VALUES (214, 22, 'World History', 'A', 1.0, 'Fall', 2021, 0, 0);
INSERT INTO `AcademicRecord` (id, studentId, courseName, grade, credits, semester, year, isAP, isHonors) VALUES (215, 22, 'Spanish I', 'A', 1.0, 'Fall', 2024, 0, 0);
INSERT INTO `AcademicRecord` (id, studentId, courseName, grade, credits, semester, year, isAP, isHonors) VALUES (216, 22, 'AP Calculus AB', 'C', 1.0, 'Fall', 2023, 1, 0);
INSERT INTO `AcademicRecord` (id, studentId, courseName, grade, credits, semester, year, isAP, isHonors) VALUES (217, 22, 'Pre-Calculus', 'C+', 1.0, 'Fall', 2023, 0, 0);
INSERT INTO `AcademicRecord` (id, studentId, courseName, grade, credits, semester, year, isAP, isHonors) VALUES (218, 22, 'AP Physics 1', 'A', 1.0, 'Fall', 2022, 1, 0);
INSERT INTO `AcademicRecord` (id, studentId, courseName, grade, credits, semester, year, isAP, isHonors) VALUES (219, 22, 'AP Physics C', 'C', 1.0, 'Fall', 2022, 1, 0);
INSERT INTO `AcademicRecord` (id, studentId, courseName, grade, credits, semester, year, isAP, isHonors) VALUES (220, 22, 'English 10', 'C+', 1.0, 'Fall', 2021, 0, 0);
INSERT INTO `AcademicRecord` (id, studentId, courseName, grade, credits, semester, year, isAP, isHonors) VALUES (221, 23, 'Spanish II', 'A-', 1.0, 'Fall', 2021, 0, 0);
INSERT INTO `AcademicRecord` (id, studentId, courseName, grade, credits, semester, year, isAP, isHonors) VALUES (222, 23, 'Spanish I', 'A', 1.0, 'Fall', 2021, 0, 0);
INSERT INTO `AcademicRecord` (id, studentId, courseName, grade, credits, semester, year, isAP, isHonors) VALUES (223, 23, 'Pre-Calculus', 'C', 1.0, 'Fall', 2024, 0, 0);
INSERT INTO `AcademicRecord` (id, studentId, courseName, grade, credits, semester, year, isAP, isHonors) VALUES (224, 23, 'AP World History', 'A-', 1.0, 'Fall', 2023, 1, 0);
INSERT INTO `AcademicRecord` (id, studentId, courseName, grade, credits, semester, year, isAP, isHonors) VALUES (225, 23, 'AP Calculus AB', 'C+', 1.0, 'Fall', 2022, 1, 0);
INSERT INTO `AcademicRecord` (id, studentId, courseName, grade, credits, semester, year, isAP, isHonors) VALUES (226, 23, 'Algebra II', 'B', 1.0, 'Fall', 2024, 0, 0);
INSERT INTO `AcademicRecord` (id, studentId, courseName, grade, credits, semester, year, isAP, isHonors) VALUES (227, 23, 'AP Physics C', 'C+', 1.0, 'Fall', 2024, 1, 0);
INSERT INTO `AcademicRecord` (id, studentId, courseName, grade, credits, semester, year, isAP, isHonors) VALUES (228, 23, 'Biology', 'B+', 1.0, 'Fall', 2022, 0, 0);
INSERT INTO `AcademicRecord` (id, studentId, courseName, grade, credits, semester, year, isAP, isHonors) VALUES (229, 23, 'English 9', 'C', 1.0, 'Fall', 2023, 0, 0);
INSERT INTO `AcademicRecord` (id, studentId, courseName, grade, credits, semester, year, isAP, isHonors) VALUES (230, 23, 'AP Gov/Econ', 'B+', 1.0, 'Fall', 2024, 1, 0);
INSERT INTO `AcademicRecord` (id, studentId, courseName, grade, credits, semester, year, isAP, isHonors) VALUES (231, 24, 'AP Calculus BC', 'B-', 1.0, 'Fall', 2024, 1, 0);
INSERT INTO `AcademicRecord` (id, studentId, courseName, grade, credits, semester, year, isAP, isHonors) VALUES (232, 24, 'English 9', 'A-', 1.0, 'Fall', 2022, 0, 0);
INSERT INTO `AcademicRecord` (id, studentId, courseName, grade, credits, semester, year, isAP, isHonors) VALUES (233, 24, 'Chemistry', 'C+', 1.0, 'Fall', 2022, 0, 0);
INSERT INTO `AcademicRecord` (id, studentId, courseName, grade, credits, semester, year, isAP, isHonors) VALUES (234, 24, 'English 11 AP Lang', 'B-', 1.0, 'Fall', 2023, 1, 0);
INSERT INTO `AcademicRecord` (id, studentId, courseName, grade, credits, semester, year, isAP, isHonors) VALUES (235, 24, 'AP US History', 'B', 1.0, 'Fall', 2023, 1, 0);
INSERT INTO `AcademicRecord` (id, studentId, courseName, grade, credits, semester, year, isAP, isHonors) VALUES (236, 24, 'Algebra II', 'B+', 1.0, 'Fall', 2023, 0, 0);
INSERT INTO `AcademicRecord` (id, studentId, courseName, grade, credits, semester, year, isAP, isHonors) VALUES (237, 24, 'Spanish IV', 'A', 1.0, 'Fall', 2023, 0, 0);
INSERT INTO `AcademicRecord` (id, studentId, courseName, grade, credits, semester, year, isAP, isHonors) VALUES (238, 24, 'English 10', 'B', 1.0, 'Fall', 2023, 0, 0);
INSERT INTO `AcademicRecord` (id, studentId, courseName, grade, credits, semester, year, isAP, isHonors) VALUES (239, 24, 'Spanish I', 'B-', 1.0, 'Fall', 2022, 0, 0);
INSERT INTO `AcademicRecord` (id, studentId, courseName, grade, credits, semester, year, isAP, isHonors) VALUES (240, 24, 'AP Calculus AB', 'A', 1.0, 'Fall', 2021, 1, 0);
INSERT INTO `AcademicRecord` (id, studentId, courseName, grade, credits, semester, year, isAP, isHonors) VALUES (241, 25, 'AP Calculus BC', 'B-', 1.0, 'Fall', 2021, 1, 0);
INSERT INTO `AcademicRecord` (id, studentId, courseName, grade, credits, semester, year, isAP, isHonors) VALUES (242, 25, 'Spanish IV', 'B+', 1.0, 'Fall', 2023, 0, 0);
INSERT INTO `AcademicRecord` (id, studentId, courseName, grade, credits, semester, year, isAP, isHonors) VALUES (243, 25, 'English 10', 'B', 1.0, 'Fall', 2021, 0, 0);
INSERT INTO `AcademicRecord` (id, studentId, courseName, grade, credits, semester, year, isAP, isHonors) VALUES (244, 25, 'English 9', 'C+', 1.0, 'Fall', 2022, 0, 0);
INSERT INTO `AcademicRecord` (id, studentId, courseName, grade, credits, semester, year, isAP, isHonors) VALUES (245, 25, 'AP Calculus AB', 'B+', 1.0, 'Fall', 2024, 1, 0);
INSERT INTO `AcademicRecord` (id, studentId, courseName, grade, credits, semester, year, isAP, isHonors) VALUES (246, 25, 'Pre-Calculus', 'B-', 1.0, 'Fall', 2021, 0, 0);
INSERT INTO `AcademicRecord` (id, studentId, courseName, grade, credits, semester, year, isAP, isHonors) VALUES (247, 25, 'Spanish II', 'A', 1.0, 'Fall', 2023, 0, 0);
INSERT INTO `AcademicRecord` (id, studentId, courseName, grade, credits, semester, year, isAP, isHonors) VALUES (248, 25, 'AP US History', 'B', 1.0, 'Fall', 2023, 1, 0);
INSERT INTO `AcademicRecord` (id, studentId, courseName, grade, credits, semester, year, isAP, isHonors) VALUES (249, 25, 'Chemistry', 'B-', 1.0, 'Fall', 2021, 0, 0);
INSERT INTO `AcademicRecord` (id, studentId, courseName, grade, credits, semester, year, isAP, isHonors) VALUES (250, 25, 'AP World History', 'B-', 1.0, 'Fall', 2022, 1, 0);
INSERT INTO `AcademicRecord` (id, studentId, courseName, grade, credits, semester, year, isAP, isHonors) VALUES (251, 26, 'AP Calculus AB', 'C', 1.0, 'Fall', 2024, 1, 0);
INSERT INTO `AcademicRecord` (id, studentId, courseName, grade, credits, semester, year, isAP, isHonors) VALUES (252, 26, 'English 10', 'B-', 1.0, 'Fall', 2022, 0, 0);
INSERT INTO `AcademicRecord` (id, studentId, courseName, grade, credits, semester, year, isAP, isHonors) VALUES (253, 26, 'English 11 AP Lang', 'C', 1.0, 'Fall', 2021, 1, 0);
INSERT INTO `AcademicRecord` (id, studentId, courseName, grade, credits, semester, year, isAP, isHonors) VALUES (254, 26, 'English 9', 'B', 1.0, 'Fall', 2021, 0, 0);
INSERT INTO `AcademicRecord` (id, studentId, courseName, grade, credits, semester, year, isAP, isHonors) VALUES (255, 26, 'Chemistry', 'A-', 1.0, 'Fall', 2024, 0, 0);
INSERT INTO `AcademicRecord` (id, studentId, courseName, grade, credits, semester, year, isAP, isHonors) VALUES (256, 26, 'AP Gov/Econ', 'C+', 1.0, 'Fall', 2024, 1, 0);
INSERT INTO `AcademicRecord` (id, studentId, courseName, grade, credits, semester, year, isAP, isHonors) VALUES (257, 26, 'Pre-Calculus', 'B+', 1.0, 'Fall', 2021, 0, 0);
INSERT INTO `AcademicRecord` (id, studentId, courseName, grade, credits, semester, year, isAP, isHonors) VALUES (258, 26, 'Spanish III', 'C+', 1.0, 'Fall', 2024, 0, 0);
INSERT INTO `AcademicRecord` (id, studentId, courseName, grade, credits, semester, year, isAP, isHonors) VALUES (259, 26, 'AP Calculus BC', 'B+', 1.0, 'Fall', 2022, 1, 0);
INSERT INTO `AcademicRecord` (id, studentId, courseName, grade, credits, semester, year, isAP, isHonors) VALUES (260, 26, 'AP Physics 1', 'C', 1.0, 'Fall', 2021, 1, 0);
INSERT INTO `AcademicRecord` (id, studentId, courseName, grade, credits, semester, year, isAP, isHonors) VALUES (261, 27, 'Biology', 'C', 1.0, 'Fall', 2023, 0, 0);
INSERT INTO `AcademicRecord` (id, studentId, courseName, grade, credits, semester, year, isAP, isHonors) VALUES (262, 27, 'AP Gov/Econ', 'B+', 1.0, 'Fall', 2021, 1, 0);
INSERT INTO `AcademicRecord` (id, studentId, courseName, grade, credits, semester, year, isAP, isHonors) VALUES (263, 27, 'Spanish IV', 'B+', 1.0, 'Fall', 2024, 0, 0);
INSERT INTO `AcademicRecord` (id, studentId, courseName, grade, credits, semester, year, isAP, isHonors) VALUES (264, 27, 'AP Calculus BC', 'B+', 1.0, 'Fall', 2023, 1, 0);
INSERT INTO `AcademicRecord` (id, studentId, courseName, grade, credits, semester, year, isAP, isHonors) VALUES (265, 27, 'Pre-Calculus', 'A', 1.0, 'Fall', 2022, 0, 0);
INSERT INTO `AcademicRecord` (id, studentId, courseName, grade, credits, semester, year, isAP, isHonors) VALUES (266, 27, 'Spanish III', 'C+', 1.0, 'Fall', 2024, 0, 0);
INSERT INTO `AcademicRecord` (id, studentId, courseName, grade, credits, semester, year, isAP, isHonors) VALUES (267, 27, 'AP World History', 'B', 1.0, 'Fall', 2023, 1, 0);
INSERT INTO `AcademicRecord` (id, studentId, courseName, grade, credits, semester, year, isAP, isHonors) VALUES (268, 27, 'Spanish II', 'C', 1.0, 'Fall', 2024, 0, 0);
INSERT INTO `AcademicRecord` (id, studentId, courseName, grade, credits, semester, year, isAP, isHonors) VALUES (269, 27, 'World History', 'B+', 1.0, 'Fall', 2023, 0, 0);
INSERT INTO `AcademicRecord` (id, studentId, courseName, grade, credits, semester, year, isAP, isHonors) VALUES (270, 27, 'AP Calculus AB', 'A-', 1.0, 'Fall', 2023, 1, 0);
INSERT INTO `AcademicRecord` (id, studentId, courseName, grade, credits, semester, year, isAP, isHonors) VALUES (271, 28, 'Chemistry', 'C', 1.0, 'Fall', 2024, 0, 0);
INSERT INTO `AcademicRecord` (id, studentId, courseName, grade, credits, semester, year, isAP, isHonors) VALUES (272, 28, 'Spanish II', 'C', 1.0, 'Fall', 2022, 0, 0);
INSERT INTO `AcademicRecord` (id, studentId, courseName, grade, credits, semester, year, isAP, isHonors) VALUES (273, 28, 'English 12 AP Lit', 'B-', 1.0, 'Fall', 2021, 1, 0);
INSERT INTO `AcademicRecord` (id, studentId, courseName, grade, credits, semester, year, isAP, isHonors) VALUES (274, 28, 'Spanish I', 'A', 1.0, 'Fall', 2023, 0, 0);
INSERT INTO `AcademicRecord` (id, studentId, courseName, grade, credits, semester, year, isAP, isHonors) VALUES (275, 28, 'Pre-Calculus', 'B-', 1.0, 'Fall', 2021, 0, 0);
INSERT INTO `AcademicRecord` (id, studentId, courseName, grade, credits, semester, year, isAP, isHonors) VALUES (276, 28, 'AP US History', 'A-', 1.0, 'Fall', 2022, 1, 0);
INSERT INTO `AcademicRecord` (id, studentId, courseName, grade, credits, semester, year, isAP, isHonors) VALUES (277, 28, 'AP Physics 1', 'B', 1.0, 'Fall', 2024, 1, 0);
INSERT INTO `AcademicRecord` (id, studentId, courseName, grade, credits, semester, year, isAP, isHonors) VALUES (278, 28, 'Spanish III', 'C+', 1.0, 'Fall', 2021, 0, 0);
INSERT INTO `AcademicRecord` (id, studentId, courseName, grade, credits, semester, year, isAP, isHonors) VALUES (279, 28, 'Spanish IV', 'C', 1.0, 'Fall', 2023, 0, 0);
INSERT INTO `AcademicRecord` (id, studentId, courseName, grade, credits, semester, year, isAP, isHonors) VALUES (280, 28, 'English 9', 'A-', 1.0, 'Fall', 2022, 0, 0);
INSERT INTO `AcademicRecord` (id, studentId, courseName, grade, credits, semester, year, isAP, isHonors) VALUES (281, 29, 'English 11 AP Lang', 'C+', 1.0, 'Fall', 2022, 1, 0);
INSERT INTO `AcademicRecord` (id, studentId, courseName, grade, credits, semester, year, isAP, isHonors) VALUES (282, 29, 'English 10', 'C', 1.0, 'Fall', 2021, 0, 0);
INSERT INTO `AcademicRecord` (id, studentId, courseName, grade, credits, semester, year, isAP, isHonors) VALUES (283, 29, 'AP World History', 'A', 1.0, 'Fall', 2023, 1, 0);
INSERT INTO `AcademicRecord` (id, studentId, courseName, grade, credits, semester, year, isAP, isHonors) VALUES (284, 29, 'Biology', 'C', 1.0, 'Fall', 2023, 0, 0);
INSERT INTO `AcademicRecord` (id, studentId, courseName, grade, credits, semester, year, isAP, isHonors) VALUES (285, 29, 'AP Physics C', 'B-', 1.0, 'Fall', 2023, 1, 0);
INSERT INTO `AcademicRecord` (id, studentId, courseName, grade, credits, semester, year, isAP, isHonors) VALUES (286, 29, 'AP Calculus BC', 'C', 1.0, 'Fall', 2022, 1, 0);
INSERT INTO `AcademicRecord` (id, studentId, courseName, grade, credits, semester, year, isAP, isHonors) VALUES (287, 29, 'English 9', 'A', 1.0, 'Fall', 2021, 0, 0);
INSERT INTO `AcademicRecord` (id, studentId, courseName, grade, credits, semester, year, isAP, isHonors) VALUES (288, 29, 'Chemistry', 'A', 1.0, 'Fall', 2022, 0, 0);
INSERT INTO `AcademicRecord` (id, studentId, courseName, grade, credits, semester, year, isAP, isHonors) VALUES (289, 29, 'Spanish IV', 'C+', 1.0, 'Fall', 2023, 0, 0);
INSERT INTO `AcademicRecord` (id, studentId, courseName, grade, credits, semester, year, isAP, isHonors) VALUES (290, 29, 'Algebra II', 'C', 1.0, 'Fall', 2022, 0, 0);
INSERT INTO `AcademicRecord` (id, studentId, courseName, grade, credits, semester, year, isAP, isHonors) VALUES (291, 30, 'AP Calculus AB', 'C+', 1.0, 'Fall', 2023, 1, 0);
INSERT INTO `AcademicRecord` (id, studentId, courseName, grade, credits, semester, year, isAP, isHonors) VALUES (292, 30, 'AP Gov/Econ', 'C', 1.0, 'Fall', 2023, 1, 0);
INSERT INTO `AcademicRecord` (id, studentId, courseName, grade, credits, semester, year, isAP, isHonors) VALUES (293, 30, 'AP Physics 1', 'B-', 1.0, 'Fall', 2023, 1, 0);
INSERT INTO `AcademicRecord` (id, studentId, courseName, grade, credits, semester, year, isAP, isHonors) VALUES (294, 30, 'AP Physics C', 'A-', 1.0, 'Fall', 2023, 1, 0);
INSERT INTO `AcademicRecord` (id, studentId, courseName, grade, credits, semester, year, isAP, isHonors) VALUES (295, 30, 'English 9', 'C+', 1.0, 'Fall', 2024, 0, 0);
INSERT INTO `AcademicRecord` (id, studentId, courseName, grade, credits, semester, year, isAP, isHonors) VALUES (296, 30, 'English 12 AP Lit', 'C', 1.0, 'Fall', 2022, 1, 0);
INSERT INTO `AcademicRecord` (id, studentId, courseName, grade, credits, semester, year, isAP, isHonors) VALUES (297, 30, 'English 11 AP Lang', 'B+', 1.0, 'Fall', 2024, 1, 0);
INSERT INTO `AcademicRecord` (id, studentId, courseName, grade, credits, semester, year, isAP, isHonors) VALUES (298, 30, 'World History', 'B-', 1.0, 'Fall', 2024, 0, 0);
INSERT INTO `AcademicRecord` (id, studentId, courseName, grade, credits, semester, year, isAP, isHonors) VALUES (299, 30, 'Biology', 'C+', 1.0, 'Fall', 2021, 0, 0);
INSERT INTO `AcademicRecord` (id, studentId, courseName, grade, credits, semester, year, isAP, isHonors) VALUES (300, 30, 'Spanish III', 'C+', 1.0, 'Fall', 2023, 0, 0);
INSERT INTO `AcademicRecord` (id, studentId, courseName, grade, credits, semester, year, isAP, isHonors) VALUES (301, 31, 'Spanish III', 'B+', 1.0, 'Fall', 2021, 0, 0);
INSERT INTO `AcademicRecord` (id, studentId, courseName, grade, credits, semester, year, isAP, isHonors) VALUES (302, 31, 'Spanish II', 'C', 1.0, 'Fall', 2023, 0, 0);
INSERT INTO `AcademicRecord` (id, studentId, courseName, grade, credits, semester, year, isAP, isHonors) VALUES (303, 31, 'Pre-Calculus', 'B', 1.0, 'Fall', 2021, 0, 0);
INSERT INTO `AcademicRecord` (id, studentId, courseName, grade, credits, semester, year, isAP, isHonors) VALUES (304, 31, 'World History', 'A-', 1.0, 'Fall', 2023, 0, 0);
INSERT INTO `AcademicRecord` (id, studentId, courseName, grade, credits, semester, year, isAP, isHonors) VALUES (305, 31, 'Biology', 'B', 1.0, 'Fall', 2021, 0, 0);
INSERT INTO `AcademicRecord` (id, studentId, courseName, grade, credits, semester, year, isAP, isHonors) VALUES (306, 31, 'AP Physics 1', 'A', 1.0, 'Fall', 2024, 1, 0);
INSERT INTO `AcademicRecord` (id, studentId, courseName, grade, credits, semester, year, isAP, isHonors) VALUES (307, 31, 'AP Gov/Econ', 'C+', 1.0, 'Fall', 2022, 1, 0);
INSERT INTO `AcademicRecord` (id, studentId, courseName, grade, credits, semester, year, isAP, isHonors) VALUES (308, 31, 'Algebra II', 'C', 1.0, 'Fall', 2021, 0, 0);
INSERT INTO `AcademicRecord` (id, studentId, courseName, grade, credits, semester, year, isAP, isHonors) VALUES (309, 31, 'AP World History', 'C', 1.0, 'Fall', 2022, 1, 0);
INSERT INTO `AcademicRecord` (id, studentId, courseName, grade, credits, semester, year, isAP, isHonors) VALUES (310, 31, 'AP US History', 'C+', 1.0, 'Fall', 2021, 1, 0);
INSERT INTO `AcademicRecord` (id, studentId, courseName, grade, credits, semester, year, isAP, isHonors) VALUES (311, 32, 'English 12 AP Lit', 'A', 1.0, 'Fall', 2022, 1, 0);
INSERT INTO `AcademicRecord` (id, studentId, courseName, grade, credits, semester, year, isAP, isHonors) VALUES (312, 32, 'AP Gov/Econ', 'C+', 1.0, 'Fall', 2021, 1, 0);
INSERT INTO `AcademicRecord` (id, studentId, courseName, grade, credits, semester, year, isAP, isHonors) VALUES (313, 32, 'English 11 AP Lang', 'C+', 1.0, 'Fall', 2022, 1, 0);
INSERT INTO `AcademicRecord` (id, studentId, courseName, grade, credits, semester, year, isAP, isHonors) VALUES (314, 32, 'English 10', 'A-', 1.0, 'Fall', 2022, 0, 0);
INSERT INTO `AcademicRecord` (id, studentId, courseName, grade, credits, semester, year, isAP, isHonors) VALUES (315, 32, 'AP US History', 'A', 1.0, 'Fall', 2021, 1, 0);
INSERT INTO `AcademicRecord` (id, studentId, courseName, grade, credits, semester, year, isAP, isHonors) VALUES (316, 32, 'AP Physics C', 'A', 1.0, 'Fall', 2023, 1, 0);
INSERT INTO `AcademicRecord` (id, studentId, courseName, grade, credits, semester, year, isAP, isHonors) VALUES (317, 32, 'Spanish I', 'A', 1.0, 'Fall', 2024, 0, 0);
INSERT INTO `AcademicRecord` (id, studentId, courseName, grade, credits, semester, year, isAP, isHonors) VALUES (318, 32, 'World History', 'C', 1.0, 'Fall', 2022, 0, 0);
INSERT INTO `AcademicRecord` (id, studentId, courseName, grade, credits, semester, year, isAP, isHonors) VALUES (319, 32, 'Chemistry', 'B', 1.0, 'Fall', 2021, 0, 0);
INSERT INTO `AcademicRecord` (id, studentId, courseName, grade, credits, semester, year, isAP, isHonors) VALUES (320, 32, 'AP World History', 'B', 1.0, 'Fall', 2021, 1, 0);
INSERT INTO `AcademicRecord` (id, studentId, courseName, grade, credits, semester, year, isAP, isHonors) VALUES (321, 33, 'AP World History', 'C', 1.0, 'Fall', 2021, 1, 0);
INSERT INTO `AcademicRecord` (id, studentId, courseName, grade, credits, semester, year, isAP, isHonors) VALUES (322, 33, 'Algebra II', 'A', 1.0, 'Fall', 2023, 0, 0);
INSERT INTO `AcademicRecord` (id, studentId, courseName, grade, credits, semester, year, isAP, isHonors) VALUES (323, 33, 'English 11 AP Lang', 'B-', 1.0, 'Fall', 2023, 1, 0);
INSERT INTO `AcademicRecord` (id, studentId, courseName, grade, credits, semester, year, isAP, isHonors) VALUES (324, 33, 'Spanish III', 'B+', 1.0, 'Fall', 2022, 0, 0);
INSERT INTO `AcademicRecord` (id, studentId, courseName, grade, credits, semester, year, isAP, isHonors) VALUES (325, 33, 'English 10', 'C+', 1.0, 'Fall', 2023, 0, 0);
INSERT INTO `AcademicRecord` (id, studentId, courseName, grade, credits, semester, year, isAP, isHonors) VALUES (326, 33, 'Chemistry', 'B', 1.0, 'Fall', 2024, 0, 0);
INSERT INTO `AcademicRecord` (id, studentId, courseName, grade, credits, semester, year, isAP, isHonors) VALUES (327, 33, 'AP Gov/Econ', 'B+', 1.0, 'Fall', 2022, 1, 0);
INSERT INTO `AcademicRecord` (id, studentId, courseName, grade, credits, semester, year, isAP, isHonors) VALUES (328, 33, 'AP Calculus AB', 'A-', 1.0, 'Fall', 2024, 1, 0);
INSERT INTO `AcademicRecord` (id, studentId, courseName, grade, credits, semester, year, isAP, isHonors) VALUES (329, 33, 'Spanish II', 'B', 1.0, 'Fall', 2022, 0, 0);
INSERT INTO `AcademicRecord` (id, studentId, courseName, grade, credits, semester, year, isAP, isHonors) VALUES (330, 33, 'AP US History', 'B-', 1.0, 'Fall', 2024, 1, 0);
INSERT INTO `AcademicRecord` (id, studentId, courseName, grade, credits, semester, year, isAP, isHonors) VALUES (331, 34, 'Spanish IV', 'B', 1.0, 'Fall', 2024, 0, 0);
INSERT INTO `AcademicRecord` (id, studentId, courseName, grade, credits, semester, year, isAP, isHonors) VALUES (332, 34, 'AP Physics C', 'C', 1.0, 'Fall', 2022, 1, 0);
INSERT INTO `AcademicRecord` (id, studentId, courseName, grade, credits, semester, year, isAP, isHonors) VALUES (333, 34, 'Spanish III', 'C', 1.0, 'Fall', 2023, 0, 0);
INSERT INTO `AcademicRecord` (id, studentId, courseName, grade, credits, semester, year, isAP, isHonors) VALUES (334, 34, 'English 9', 'A', 1.0, 'Fall', 2024, 0, 0);
INSERT INTO `AcademicRecord` (id, studentId, courseName, grade, credits, semester, year, isAP, isHonors) VALUES (335, 34, 'Chemistry', 'B', 1.0, 'Fall', 2021, 0, 0);
INSERT INTO `AcademicRecord` (id, studentId, courseName, grade, credits, semester, year, isAP, isHonors) VALUES (336, 34, 'English 11 AP Lang', 'B', 1.0, 'Fall', 2022, 1, 0);
INSERT INTO `AcademicRecord` (id, studentId, courseName, grade, credits, semester, year, isAP, isHonors) VALUES (337, 34, 'Biology', 'C', 1.0, 'Fall', 2021, 0, 0);
INSERT INTO `AcademicRecord` (id, studentId, courseName, grade, credits, semester, year, isAP, isHonors) VALUES (338, 34, 'Spanish II', 'C', 1.0, 'Fall', 2021, 0, 0);
INSERT INTO `AcademicRecord` (id, studentId, courseName, grade, credits, semester, year, isAP, isHonors) VALUES (339, 34, 'Algebra II', 'B', 1.0, 'Fall', 2021, 0, 0);
INSERT INTO `AcademicRecord` (id, studentId, courseName, grade, credits, semester, year, isAP, isHonors) VALUES (340, 34, 'AP World History', 'B', 1.0, 'Fall', 2022, 1, 0);
INSERT INTO `AcademicRecord` (id, studentId, courseName, grade, credits, semester, year, isAP, isHonors) VALUES (341, 35, 'English 9', 'B', 1.0, 'Fall', 2022, 0, 0);
INSERT INTO `AcademicRecord` (id, studentId, courseName, grade, credits, semester, year, isAP, isHonors) VALUES (342, 35, 'AP Gov/Econ', 'B', 1.0, 'Fall', 2023, 1, 0);
INSERT INTO `AcademicRecord` (id, studentId, courseName, grade, credits, semester, year, isAP, isHonors) VALUES (343, 35, 'AP World History', 'B-', 1.0, 'Fall', 2021, 1, 0);
INSERT INTO `AcademicRecord` (id, studentId, courseName, grade, credits, semester, year, isAP, isHonors) VALUES (344, 35, 'World History', 'A-', 1.0, 'Fall', 2023, 0, 0);
INSERT INTO `AcademicRecord` (id, studentId, courseName, grade, credits, semester, year, isAP, isHonors) VALUES (345, 35, 'Pre-Calculus', 'C+', 1.0, 'Fall', 2021, 0, 0);
INSERT INTO `AcademicRecord` (id, studentId, courseName, grade, credits, semester, year, isAP, isHonors) VALUES (346, 35, 'AP Physics 1', 'C+', 1.0, 'Fall', 2023, 1, 0);
INSERT INTO `AcademicRecord` (id, studentId, courseName, grade, credits, semester, year, isAP, isHonors) VALUES (347, 35, 'AP Calculus BC', 'C', 1.0, 'Fall', 2021, 1, 0);
INSERT INTO `AcademicRecord` (id, studentId, courseName, grade, credits, semester, year, isAP, isHonors) VALUES (348, 35, 'AP Physics C', 'A-', 1.0, 'Fall', 2024, 1, 0);
INSERT INTO `AcademicRecord` (id, studentId, courseName, grade, credits, semester, year, isAP, isHonors) VALUES (349, 35, 'English 11 AP Lang', 'C', 1.0, 'Fall', 2021, 1, 0);
INSERT INTO `AcademicRecord` (id, studentId, courseName, grade, credits, semester, year, isAP, isHonors) VALUES (350, 35, 'AP Calculus AB', 'B', 1.0, 'Fall', 2022, 1, 0);
INSERT INTO `AcademicRecord` (id, studentId, courseName, grade, credits, semester, year, isAP, isHonors) VALUES (351, 36, 'AP Calculus AB', 'B', 1.0, 'Fall', 2022, 1, 0);
INSERT INTO `AcademicRecord` (id, studentId, courseName, grade, credits, semester, year, isAP, isHonors) VALUES (352, 36, 'Biology', 'B+', 1.0, 'Fall', 2022, 0, 0);
INSERT INTO `AcademicRecord` (id, studentId, courseName, grade, credits, semester, year, isAP, isHonors) VALUES (353, 36, 'AP Physics 1', 'C', 1.0, 'Fall', 2022, 1, 0);
INSERT INTO `AcademicRecord` (id, studentId, courseName, grade, credits, semester, year, isAP, isHonors) VALUES (354, 36, 'English 9', 'B-', 1.0, 'Fall', 2024, 0, 0);
INSERT INTO `AcademicRecord` (id, studentId, courseName, grade, credits, semester, year, isAP, isHonors) VALUES (355, 36, 'World History', 'C', 1.0, 'Fall', 2022, 0, 0);
INSERT INTO `AcademicRecord` (id, studentId, courseName, grade, credits, semester, year, isAP, isHonors) VALUES (356, 36, 'Spanish IV', 'C+', 1.0, 'Fall', 2021, 0, 0);
INSERT INTO `AcademicRecord` (id, studentId, courseName, grade, credits, semester, year, isAP, isHonors) VALUES (357, 36, 'AP Physics C', 'B', 1.0, 'Fall', 2023, 1, 0);
INSERT INTO `AcademicRecord` (id, studentId, courseName, grade, credits, semester, year, isAP, isHonors) VALUES (358, 36, 'English 12 AP Lit', 'B+', 1.0, 'Fall', 2024, 1, 0);
INSERT INTO `AcademicRecord` (id, studentId, courseName, grade, credits, semester, year, isAP, isHonors) VALUES (359, 36, 'Pre-Calculus', 'C', 1.0, 'Fall', 2022, 0, 0);
INSERT INTO `AcademicRecord` (id, studentId, courseName, grade, credits, semester, year, isAP, isHonors) VALUES (360, 36, 'AP Gov/Econ', 'C', 1.0, 'Fall', 2023, 1, 0);
INSERT INTO `AcademicRecord` (id, studentId, courseName, grade, credits, semester, year, isAP, isHonors) VALUES (361, 37, 'Spanish IV', 'A-', 1.0, 'Fall', 2021, 0, 0);
INSERT INTO `AcademicRecord` (id, studentId, courseName, grade, credits, semester, year, isAP, isHonors) VALUES (362, 37, 'World History', 'B-', 1.0, 'Fall', 2023, 0, 0);
INSERT INTO `AcademicRecord` (id, studentId, courseName, grade, credits, semester, year, isAP, isHonors) VALUES (363, 37, 'Biology', 'C', 1.0, 'Fall', 2022, 0, 0);
INSERT INTO `AcademicRecord` (id, studentId, courseName, grade, credits, semester, year, isAP, isHonors) VALUES (364, 37, 'Spanish II', 'C+', 1.0, 'Fall', 2024, 0, 0);
INSERT INTO `AcademicRecord` (id, studentId, courseName, grade, credits, semester, year, isAP, isHonors) VALUES (365, 37, 'English 9', 'A-', 1.0, 'Fall', 2022, 0, 0);
INSERT INTO `AcademicRecord` (id, studentId, courseName, grade, credits, semester, year, isAP, isHonors) VALUES (366, 37, 'Spanish I', 'B-', 1.0, 'Fall', 2023, 0, 0);
INSERT INTO `AcademicRecord` (id, studentId, courseName, grade, credits, semester, year, isAP, isHonors) VALUES (367, 37, 'English 12 AP Lit', 'A-', 1.0, 'Fall', 2023, 1, 0);
INSERT INTO `AcademicRecord` (id, studentId, courseName, grade, credits, semester, year, isAP, isHonors) VALUES (368, 37, 'English 11 AP Lang', 'B', 1.0, 'Fall', 2024, 1, 0);
INSERT INTO `AcademicRecord` (id, studentId, courseName, grade, credits, semester, year, isAP, isHonors) VALUES (369, 37, 'Pre-Calculus', 'A-', 1.0, 'Fall', 2024, 0, 0);
INSERT INTO `AcademicRecord` (id, studentId, courseName, grade, credits, semester, year, isAP, isHonors) VALUES (370, 37, 'AP Calculus AB', 'C', 1.0, 'Fall', 2021, 1, 0);
INSERT INTO `AcademicRecord` (id, studentId, courseName, grade, credits, semester, year, isAP, isHonors) VALUES (371, 38, 'AP Physics C', 'C+', 1.0, 'Fall', 2021, 1, 0);
INSERT INTO `AcademicRecord` (id, studentId, courseName, grade, credits, semester, year, isAP, isHonors) VALUES (372, 38, 'Algebra II', 'C+', 1.0, 'Fall', 2021, 0, 0);
INSERT INTO `AcademicRecord` (id, studentId, courseName, grade, credits, semester, year, isAP, isHonors) VALUES (373, 38, 'World History', 'B+', 1.0, 'Fall', 2022, 0, 0);
INSERT INTO `AcademicRecord` (id, studentId, courseName, grade, credits, semester, year, isAP, isHonors) VALUES (374, 38, 'Spanish II', 'B', 1.0, 'Fall', 2023, 0, 0);
INSERT INTO `AcademicRecord` (id, studentId, courseName, grade, credits, semester, year, isAP, isHonors) VALUES (375, 38, 'English 12 AP Lit', 'B', 1.0, 'Fall', 2022, 1, 0);
INSERT INTO `AcademicRecord` (id, studentId, courseName, grade, credits, semester, year, isAP, isHonors) VALUES (376, 38, 'AP Calculus AB', 'A-', 1.0, 'Fall', 2022, 1, 0);
INSERT INTO `AcademicRecord` (id, studentId, courseName, grade, credits, semester, year, isAP, isHonors) VALUES (377, 38, 'Spanish III', 'C+', 1.0, 'Fall', 2021, 0, 0);
INSERT INTO `AcademicRecord` (id, studentId, courseName, grade, credits, semester, year, isAP, isHonors) VALUES (378, 38, 'Spanish IV', 'B+', 1.0, 'Fall', 2024, 0, 0);
INSERT INTO `AcademicRecord` (id, studentId, courseName, grade, credits, semester, year, isAP, isHonors) VALUES (379, 38, 'Biology', 'A-', 1.0, 'Fall', 2023, 0, 0);
INSERT INTO `AcademicRecord` (id, studentId, courseName, grade, credits, semester, year, isAP, isHonors) VALUES (380, 38, 'Pre-Calculus', 'A-', 1.0, 'Fall', 2021, 0, 0);
INSERT INTO `AcademicRecord` (id, studentId, courseName, grade, credits, semester, year, isAP, isHonors) VALUES (381, 39, 'Spanish III', 'A', 1.0, 'Fall', 2022, 0, 0);
INSERT INTO `AcademicRecord` (id, studentId, courseName, grade, credits, semester, year, isAP, isHonors) VALUES (382, 39, 'AP Calculus BC', 'A', 1.0, 'Fall', 2022, 1, 0);
INSERT INTO `AcademicRecord` (id, studentId, courseName, grade, credits, semester, year, isAP, isHonors) VALUES (383, 39, 'Pre-Calculus', 'A', 1.0, 'Fall', 2022, 0, 0);
INSERT INTO `AcademicRecord` (id, studentId, courseName, grade, credits, semester, year, isAP, isHonors) VALUES (384, 39, 'World History', 'A', 1.0, 'Fall', 2022, 0, 0);
INSERT INTO `AcademicRecord` (id, studentId, courseName, grade, credits, semester, year, isAP, isHonors) VALUES (385, 39, 'AP World History', 'B-', 1.0, 'Fall', 2023, 1, 0);
INSERT INTO `AcademicRecord` (id, studentId, courseName, grade, credits, semester, year, isAP, isHonors) VALUES (386, 39, 'AP Physics 1', 'B', 1.0, 'Fall', 2021, 1, 0);
INSERT INTO `AcademicRecord` (id, studentId, courseName, grade, credits, semester, year, isAP, isHonors) VALUES (387, 39, 'AP US History', 'B+', 1.0, 'Fall', 2024, 1, 0);
INSERT INTO `AcademicRecord` (id, studentId, courseName, grade, credits, semester, year, isAP, isHonors) VALUES (388, 39, 'Algebra II', 'C', 1.0, 'Fall', 2023, 0, 0);
INSERT INTO `AcademicRecord` (id, studentId, courseName, grade, credits, semester, year, isAP, isHonors) VALUES (389, 39, 'Biology', 'A-', 1.0, 'Fall', 2023, 0, 0);
INSERT INTO `AcademicRecord` (id, studentId, courseName, grade, credits, semester, year, isAP, isHonors) VALUES (390, 39, 'Chemistry', 'B-', 1.0, 'Fall', 2021, 0, 0);
INSERT INTO `AcademicRecord` (id, studentId, courseName, grade, credits, semester, year, isAP, isHonors) VALUES (391, 40, 'English 10', 'A-', 1.0, 'Fall', 2023, 0, 0);
INSERT INTO `AcademicRecord` (id, studentId, courseName, grade, credits, semester, year, isAP, isHonors) VALUES (392, 40, 'Spanish IV', 'A-', 1.0, 'Fall', 2021, 0, 0);
INSERT INTO `AcademicRecord` (id, studentId, courseName, grade, credits, semester, year, isAP, isHonors) VALUES (393, 40, 'Biology', 'B-', 1.0, 'Fall', 2022, 0, 0);
INSERT INTO `AcademicRecord` (id, studentId, courseName, grade, credits, semester, year, isAP, isHonors) VALUES (394, 40, 'Spanish II', 'B-', 1.0, 'Fall', 2023, 0, 0);
INSERT INTO `AcademicRecord` (id, studentId, courseName, grade, credits, semester, year, isAP, isHonors) VALUES (395, 40, 'Chemistry', 'A', 1.0, 'Fall', 2022, 0, 0);
INSERT INTO `AcademicRecord` (id, studentId, courseName, grade, credits, semester, year, isAP, isHonors) VALUES (396, 40, 'AP Calculus AB', 'C', 1.0, 'Fall', 2023, 1, 0);
INSERT INTO `AcademicRecord` (id, studentId, courseName, grade, credits, semester, year, isAP, isHonors) VALUES (397, 40, 'AP Calculus BC', 'B+', 1.0, 'Fall', 2024, 1, 0);
INSERT INTO `AcademicRecord` (id, studentId, courseName, grade, credits, semester, year, isAP, isHonors) VALUES (398, 40, 'AP Gov/Econ', 'A', 1.0, 'Fall', 2024, 1, 0);
INSERT INTO `AcademicRecord` (id, studentId, courseName, grade, credits, semester, year, isAP, isHonors) VALUES (399, 40, 'World History', 'A', 1.0, 'Fall', 2024, 0, 0);
INSERT INTO `AcademicRecord` (id, studentId, courseName, grade, credits, semester, year, isAP, isHonors) VALUES (400, 40, 'AP World History', 'A-', 1.0, 'Fall', 2021, 1, 0);
INSERT INTO `AcademicRecord` (id, studentId, courseName, grade, credits, semester, year, isAP, isHonors) VALUES (401, 41, 'Algebra II', 'A', 1.0, 'Fall', 2022, 0, 0);
INSERT INTO `AcademicRecord` (id, studentId, courseName, grade, credits, semester, year, isAP, isHonors) VALUES (402, 41, 'AP Gov/Econ', 'C', 1.0, 'Fall', 2023, 1, 0);
INSERT INTO `AcademicRecord` (id, studentId, courseName, grade, credits, semester, year, isAP, isHonors) VALUES (403, 41, 'Pre-Calculus', 'A', 1.0, 'Fall', 2023, 0, 0);
INSERT INTO `AcademicRecord` (id, studentId, courseName, grade, credits, semester, year, isAP, isHonors) VALUES (404, 41, 'Spanish IV', 'B', 1.0, 'Fall', 2022, 0, 0);
INSERT INTO `AcademicRecord` (id, studentId, courseName, grade, credits, semester, year, isAP, isHonors) VALUES (405, 41, 'AP US History', 'C+', 1.0, 'Fall', 2024, 1, 0);
INSERT INTO `AcademicRecord` (id, studentId, courseName, grade, credits, semester, year, isAP, isHonors) VALUES (406, 41, 'AP Physics 1', 'C', 1.0, 'Fall', 2021, 1, 0);
INSERT INTO `AcademicRecord` (id, studentId, courseName, grade, credits, semester, year, isAP, isHonors) VALUES (407, 41, 'AP Calculus AB', 'B-', 1.0, 'Fall', 2023, 1, 0);
INSERT INTO `AcademicRecord` (id, studentId, courseName, grade, credits, semester, year, isAP, isHonors) VALUES (408, 41, 'Chemistry', 'C', 1.0, 'Fall', 2023, 0, 0);
INSERT INTO `AcademicRecord` (id, studentId, courseName, grade, credits, semester, year, isAP, isHonors) VALUES (409, 41, 'AP World History', 'C+', 1.0, 'Fall', 2023, 1, 0);
INSERT INTO `AcademicRecord` (id, studentId, courseName, grade, credits, semester, year, isAP, isHonors) VALUES (410, 41, 'Spanish II', 'B+', 1.0, 'Fall', 2022, 0, 0);
INSERT INTO `AcademicRecord` (id, studentId, courseName, grade, credits, semester, year, isAP, isHonors) VALUES (411, 42, 'Spanish I', 'B+', 1.0, 'Fall', 2024, 0, 0);
INSERT INTO `AcademicRecord` (id, studentId, courseName, grade, credits, semester, year, isAP, isHonors) VALUES (412, 42, 'AP Gov/Econ', 'A-', 1.0, 'Fall', 2024, 1, 0);
INSERT INTO `AcademicRecord` (id, studentId, courseName, grade, credits, semester, year, isAP, isHonors) VALUES (413, 42, 'AP Physics 1', 'C', 1.0, 'Fall', 2021, 1, 0);
INSERT INTO `AcademicRecord` (id, studentId, courseName, grade, credits, semester, year, isAP, isHonors) VALUES (414, 42, 'Chemistry', 'A-', 1.0, 'Fall', 2023, 0, 0);
INSERT INTO `AcademicRecord` (id, studentId, courseName, grade, credits, semester, year, isAP, isHonors) VALUES (415, 42, 'AP Physics C', 'B-', 1.0, 'Fall', 2024, 1, 0);
INSERT INTO `AcademicRecord` (id, studentId, courseName, grade, credits, semester, year, isAP, isHonors) VALUES (416, 42, 'AP World History', 'A', 1.0, 'Fall', 2022, 1, 0);
INSERT INTO `AcademicRecord` (id, studentId, courseName, grade, credits, semester, year, isAP, isHonors) VALUES (417, 42, 'English 11 AP Lang', 'A', 1.0, 'Fall', 2022, 1, 0);
INSERT INTO `AcademicRecord` (id, studentId, courseName, grade, credits, semester, year, isAP, isHonors) VALUES (418, 42, 'Spanish III', 'A', 1.0, 'Fall', 2022, 0, 0);
INSERT INTO `AcademicRecord` (id, studentId, courseName, grade, credits, semester, year, isAP, isHonors) VALUES (419, 42, 'AP US History', 'A-', 1.0, 'Fall', 2023, 1, 0);
INSERT INTO `AcademicRecord` (id, studentId, courseName, grade, credits, semester, year, isAP, isHonors) VALUES (420, 42, 'Pre-Calculus', 'C', 1.0, 'Fall', 2022, 0, 0);
INSERT INTO `AcademicRecord` (id, studentId, courseName, grade, credits, semester, year, isAP, isHonors) VALUES (421, 43, 'AP Physics C', 'C', 1.0, 'Fall', 2024, 1, 0);
INSERT INTO `AcademicRecord` (id, studentId, courseName, grade, credits, semester, year, isAP, isHonors) VALUES (422, 43, 'English 9', 'B-', 1.0, 'Fall', 2022, 0, 0);
INSERT INTO `AcademicRecord` (id, studentId, courseName, grade, credits, semester, year, isAP, isHonors) VALUES (423, 43, 'Spanish III', 'A-', 1.0, 'Fall', 2021, 0, 0);
INSERT INTO `AcademicRecord` (id, studentId, courseName, grade, credits, semester, year, isAP, isHonors) VALUES (424, 43, 'English 10', 'A-', 1.0, 'Fall', 2023, 0, 0);
INSERT INTO `AcademicRecord` (id, studentId, courseName, grade, credits, semester, year, isAP, isHonors) VALUES (425, 43, 'AP Calculus BC', 'B', 1.0, 'Fall', 2022, 1, 0);
INSERT INTO `AcademicRecord` (id, studentId, courseName, grade, credits, semester, year, isAP, isHonors) VALUES (426, 43, 'Spanish I', 'B+', 1.0, 'Fall', 2021, 0, 0);
INSERT INTO `AcademicRecord` (id, studentId, courseName, grade, credits, semester, year, isAP, isHonors) VALUES (427, 43, 'Chemistry', 'B', 1.0, 'Fall', 2022, 0, 0);
INSERT INTO `AcademicRecord` (id, studentId, courseName, grade, credits, semester, year, isAP, isHonors) VALUES (428, 43, 'AP Gov/Econ', 'B', 1.0, 'Fall', 2024, 1, 0);
INSERT INTO `AcademicRecord` (id, studentId, courseName, grade, credits, semester, year, isAP, isHonors) VALUES (429, 43, 'Pre-Calculus', 'B', 1.0, 'Fall', 2024, 0, 0);
INSERT INTO `AcademicRecord` (id, studentId, courseName, grade, credits, semester, year, isAP, isHonors) VALUES (430, 43, 'Algebra II', 'C', 1.0, 'Fall', 2021, 0, 0);
INSERT INTO `AcademicRecord` (id, studentId, courseName, grade, credits, semester, year, isAP, isHonors) VALUES (431, 44, 'AP Calculus AB', 'A', 1.0, 'Fall', 2022, 1, 0);
INSERT INTO `AcademicRecord` (id, studentId, courseName, grade, credits, semester, year, isAP, isHonors) VALUES (432, 44, 'AP Physics C', 'B-', 1.0, 'Fall', 2021, 1, 0);
INSERT INTO `AcademicRecord` (id, studentId, courseName, grade, credits, semester, year, isAP, isHonors) VALUES (433, 44, 'English 11 AP Lang', 'B+', 1.0, 'Fall', 2023, 1, 0);
INSERT INTO `AcademicRecord` (id, studentId, courseName, grade, credits, semester, year, isAP, isHonors) VALUES (434, 44, 'Algebra II', 'B', 1.0, 'Fall', 2023, 0, 0);
INSERT INTO `AcademicRecord` (id, studentId, courseName, grade, credits, semester, year, isAP, isHonors) VALUES (435, 44, 'AP US History', 'C', 1.0, 'Fall', 2023, 1, 0);
INSERT INTO `AcademicRecord` (id, studentId, courseName, grade, credits, semester, year, isAP, isHonors) VALUES (436, 44, 'English 10', 'A-', 1.0, 'Fall', 2021, 0, 0);
INSERT INTO `AcademicRecord` (id, studentId, courseName, grade, credits, semester, year, isAP, isHonors) VALUES (437, 44, 'English 9', 'A-', 1.0, 'Fall', 2023, 0, 0);
INSERT INTO `AcademicRecord` (id, studentId, courseName, grade, credits, semester, year, isAP, isHonors) VALUES (438, 44, 'Spanish II', 'B', 1.0, 'Fall', 2021, 0, 0);
INSERT INTO `AcademicRecord` (id, studentId, courseName, grade, credits, semester, year, isAP, isHonors) VALUES (439, 44, 'Biology', 'C+', 1.0, 'Fall', 2022, 0, 0);
INSERT INTO `AcademicRecord` (id, studentId, courseName, grade, credits, semester, year, isAP, isHonors) VALUES (440, 44, 'Spanish I', 'A-', 1.0, 'Fall', 2022, 0, 0);
INSERT INTO `AcademicRecord` (id, studentId, courseName, grade, credits, semester, year, isAP, isHonors) VALUES (441, 45, 'AP Calculus AB', 'C+', 1.0, 'Fall', 2023, 1, 0);
INSERT INTO `AcademicRecord` (id, studentId, courseName, grade, credits, semester, year, isAP, isHonors) VALUES (442, 45, 'Biology', 'B-', 1.0, 'Fall', 2023, 0, 0);
INSERT INTO `AcademicRecord` (id, studentId, courseName, grade, credits, semester, year, isAP, isHonors) VALUES (443, 45, 'Algebra II', 'A', 1.0, 'Fall', 2022, 0, 0);
INSERT INTO `AcademicRecord` (id, studentId, courseName, grade, credits, semester, year, isAP, isHonors) VALUES (444, 45, 'Spanish IV', 'A', 1.0, 'Fall', 2024, 0, 0);
INSERT INTO `AcademicRecord` (id, studentId, courseName, grade, credits, semester, year, isAP, isHonors) VALUES (445, 45, 'AP Gov/Econ', 'A-', 1.0, 'Fall', 2022, 1, 0);
INSERT INTO `AcademicRecord` (id, studentId, courseName, grade, credits, semester, year, isAP, isHonors) VALUES (446, 45, 'Spanish II', 'B-', 1.0, 'Fall', 2022, 0, 0);
INSERT INTO `AcademicRecord` (id, studentId, courseName, grade, credits, semester, year, isAP, isHonors) VALUES (447, 45, 'AP World History', 'A-', 1.0, 'Fall', 2023, 1, 0);
INSERT INTO `AcademicRecord` (id, studentId, courseName, grade, credits, semester, year, isAP, isHonors) VALUES (448, 45, 'AP Calculus BC', 'C+', 1.0, 'Fall', 2021, 1, 0);
INSERT INTO `AcademicRecord` (id, studentId, courseName, grade, credits, semester, year, isAP, isHonors) VALUES (449, 45, 'English 12 AP Lit', 'A-', 1.0, 'Fall', 2024, 1, 0);
INSERT INTO `AcademicRecord` (id, studentId, courseName, grade, credits, semester, year, isAP, isHonors) VALUES (450, 45, 'Spanish III', 'C', 1.0, 'Fall', 2023, 0, 0);
INSERT INTO `AcademicRecord` (id, studentId, courseName, grade, credits, semester, year, isAP, isHonors) VALUES (451, 46, 'Algebra II', 'A', 1.0, 'Fall', 2022, 0, 0);
INSERT INTO `AcademicRecord` (id, studentId, courseName, grade, credits, semester, year, isAP, isHonors) VALUES (452, 46, 'AP Calculus AB', 'A', 1.0, 'Fall', 2022, 1, 0);
INSERT INTO `AcademicRecord` (id, studentId, courseName, grade, credits, semester, year, isAP, isHonors) VALUES (453, 46, 'AP Gov/Econ', 'B+', 1.0, 'Fall', 2024, 1, 0);
INSERT INTO `AcademicRecord` (id, studentId, courseName, grade, credits, semester, year, isAP, isHonors) VALUES (454, 46, 'AP World History', 'A', 1.0, 'Fall', 2024, 1, 0);
INSERT INTO `AcademicRecord` (id, studentId, courseName, grade, credits, semester, year, isAP, isHonors) VALUES (455, 46, 'Spanish II', 'B-', 1.0, 'Fall', 2024, 0, 0);
INSERT INTO `AcademicRecord` (id, studentId, courseName, grade, credits, semester, year, isAP, isHonors) VALUES (456, 46, 'English 10', 'B', 1.0, 'Fall', 2022, 0, 0);
INSERT INTO `AcademicRecord` (id, studentId, courseName, grade, credits, semester, year, isAP, isHonors) VALUES (457, 46, 'AP Physics C', 'B-', 1.0, 'Fall', 2021, 1, 0);
INSERT INTO `AcademicRecord` (id, studentId, courseName, grade, credits, semester, year, isAP, isHonors) VALUES (458, 46, 'Biology', 'A-', 1.0, 'Fall', 2023, 0, 0);
INSERT INTO `AcademicRecord` (id, studentId, courseName, grade, credits, semester, year, isAP, isHonors) VALUES (459, 46, 'Pre-Calculus', 'B+', 1.0, 'Fall', 2023, 0, 0);
INSERT INTO `AcademicRecord` (id, studentId, courseName, grade, credits, semester, year, isAP, isHonors) VALUES (460, 46, 'AP US History', 'B-', 1.0, 'Fall', 2021, 1, 0);
INSERT INTO `AcademicRecord` (id, studentId, courseName, grade, credits, semester, year, isAP, isHonors) VALUES (461, 47, 'AP Gov/Econ', 'C', 1.0, 'Fall', 2024, 1, 0);
INSERT INTO `AcademicRecord` (id, studentId, courseName, grade, credits, semester, year, isAP, isHonors) VALUES (462, 47, 'AP Calculus BC', 'B', 1.0, 'Fall', 2021, 1, 0);
INSERT INTO `AcademicRecord` (id, studentId, courseName, grade, credits, semester, year, isAP, isHonors) VALUES (463, 47, 'Biology', 'A-', 1.0, 'Fall', 2021, 0, 0);
INSERT INTO `AcademicRecord` (id, studentId, courseName, grade, credits, semester, year, isAP, isHonors) VALUES (464, 47, 'English 9', 'C', 1.0, 'Fall', 2023, 0, 0);
INSERT INTO `AcademicRecord` (id, studentId, courseName, grade, credits, semester, year, isAP, isHonors) VALUES (465, 47, 'English 10', 'A-', 1.0, 'Fall', 2021, 0, 0);
INSERT INTO `AcademicRecord` (id, studentId, courseName, grade, credits, semester, year, isAP, isHonors) VALUES (466, 47, 'AP Physics C', 'A-', 1.0, 'Fall', 2023, 1, 0);
INSERT INTO `AcademicRecord` (id, studentId, courseName, grade, credits, semester, year, isAP, isHonors) VALUES (467, 47, 'Spanish IV', 'C', 1.0, 'Fall', 2021, 0, 0);
INSERT INTO `AcademicRecord` (id, studentId, courseName, grade, credits, semester, year, isAP, isHonors) VALUES (468, 47, 'English 12 AP Lit', 'A', 1.0, 'Fall', 2021, 1, 0);
INSERT INTO `AcademicRecord` (id, studentId, courseName, grade, credits, semester, year, isAP, isHonors) VALUES (469, 47, 'Spanish III', 'B-', 1.0, 'Fall', 2022, 0, 0);
INSERT INTO `AcademicRecord` (id, studentId, courseName, grade, credits, semester, year, isAP, isHonors) VALUES (470, 47, 'Chemistry', 'A', 1.0, 'Fall', 2024, 0, 0);
INSERT INTO `AcademicRecord` (id, studentId, courseName, grade, credits, semester, year, isAP, isHonors) VALUES (471, 48, 'Chemistry', 'C', 1.0, 'Fall', 2021, 0, 0);
INSERT INTO `AcademicRecord` (id, studentId, courseName, grade, credits, semester, year, isAP, isHonors) VALUES (472, 48, 'English 10', 'B', 1.0, 'Fall', 2021, 0, 0);
INSERT INTO `AcademicRecord` (id, studentId, courseName, grade, credits, semester, year, isAP, isHonors) VALUES (473, 48, 'AP Physics 1', 'B', 1.0, 'Fall', 2023, 1, 0);
INSERT INTO `AcademicRecord` (id, studentId, courseName, grade, credits, semester, year, isAP, isHonors) VALUES (474, 48, 'AP World History', 'B+', 1.0, 'Fall', 2022, 1, 0);
INSERT INTO `AcademicRecord` (id, studentId, courseName, grade, credits, semester, year, isAP, isHonors) VALUES (475, 48, 'Pre-Calculus', 'C+', 1.0, 'Fall', 2023, 0, 0);
INSERT INTO `AcademicRecord` (id, studentId, courseName, grade, credits, semester, year, isAP, isHonors) VALUES (476, 48, 'Spanish III', 'A', 1.0, 'Fall', 2024, 0, 0);
INSERT INTO `AcademicRecord` (id, studentId, courseName, grade, credits, semester, year, isAP, isHonors) VALUES (477, 48, 'AP Calculus AB', 'A', 1.0, 'Fall', 2022, 1, 0);
INSERT INTO `AcademicRecord` (id, studentId, courseName, grade, credits, semester, year, isAP, isHonors) VALUES (478, 48, 'AP US History', 'C+', 1.0, 'Fall', 2021, 1, 0);
INSERT INTO `AcademicRecord` (id, studentId, courseName, grade, credits, semester, year, isAP, isHonors) VALUES (479, 48, 'English 12 AP Lit', 'C', 1.0, 'Fall', 2021, 1, 0);
INSERT INTO `AcademicRecord` (id, studentId, courseName, grade, credits, semester, year, isAP, isHonors) VALUES (480, 48, 'English 11 AP Lang', 'B', 1.0, 'Fall', 2024, 1, 0);
INSERT INTO `AcademicRecord` (id, studentId, courseName, grade, credits, semester, year, isAP, isHonors) VALUES (481, 49, 'Biology', 'C+', 1.0, 'Fall', 2024, 0, 0);
INSERT INTO `AcademicRecord` (id, studentId, courseName, grade, credits, semester, year, isAP, isHonors) VALUES (482, 49, 'AP World History', 'A', 1.0, 'Fall', 2021, 1, 0);
INSERT INTO `AcademicRecord` (id, studentId, courseName, grade, credits, semester, year, isAP, isHonors) VALUES (483, 49, 'AP Physics C', 'A-', 1.0, 'Fall', 2021, 1, 0);
INSERT INTO `AcademicRecord` (id, studentId, courseName, grade, credits, semester, year, isAP, isHonors) VALUES (484, 49, 'Pre-Calculus', 'B-', 1.0, 'Fall', 2023, 0, 0);
INSERT INTO `AcademicRecord` (id, studentId, courseName, grade, credits, semester, year, isAP, isHonors) VALUES (485, 49, 'Spanish II', 'B-', 1.0, 'Fall', 2022, 0, 0);
INSERT INTO `AcademicRecord` (id, studentId, courseName, grade, credits, semester, year, isAP, isHonors) VALUES (486, 49, 'English 11 AP Lang', 'A-', 1.0, 'Fall', 2021, 1, 0);
INSERT INTO `AcademicRecord` (id, studentId, courseName, grade, credits, semester, year, isAP, isHonors) VALUES (487, 49, 'AP Physics 1', 'C+', 1.0, 'Fall', 2021, 1, 0);
INSERT INTO `AcademicRecord` (id, studentId, courseName, grade, credits, semester, year, isAP, isHonors) VALUES (488, 49, 'Algebra II', 'B+', 1.0, 'Fall', 2022, 0, 0);
INSERT INTO `AcademicRecord` (id, studentId, courseName, grade, credits, semester, year, isAP, isHonors) VALUES (489, 49, 'AP US History', 'C', 1.0, 'Fall', 2022, 1, 0);
INSERT INTO `AcademicRecord` (id, studentId, courseName, grade, credits, semester, year, isAP, isHonors) VALUES (490, 49, 'AP Calculus AB', 'A', 1.0, 'Fall', 2021, 1, 0);
INSERT INTO `AcademicRecord` (id, studentId, courseName, grade, credits, semester, year, isAP, isHonors) VALUES (491, 50, 'Biology', 'B', 1.0, 'Fall', 2021, 0, 0);
INSERT INTO `AcademicRecord` (id, studentId, courseName, grade, credits, semester, year, isAP, isHonors) VALUES (492, 50, 'AP Physics C', 'A', 1.0, 'Fall', 2022, 1, 0);
INSERT INTO `AcademicRecord` (id, studentId, courseName, grade, credits, semester, year, isAP, isHonors) VALUES (493, 50, 'AP Calculus AB', 'C', 1.0, 'Fall', 2022, 1, 0);
INSERT INTO `AcademicRecord` (id, studentId, courseName, grade, credits, semester, year, isAP, isHonors) VALUES (494, 50, 'AP US History', 'B+', 1.0, 'Fall', 2022, 1, 0);
INSERT INTO `AcademicRecord` (id, studentId, courseName, grade, credits, semester, year, isAP, isHonors) VALUES (495, 50, 'Pre-Calculus', 'B+', 1.0, 'Fall', 2021, 0, 0);
INSERT INTO `AcademicRecord` (id, studentId, courseName, grade, credits, semester, year, isAP, isHonors) VALUES (496, 50, 'English 9', 'B-', 1.0, 'Fall', 2022, 0, 0);
INSERT INTO `AcademicRecord` (id, studentId, courseName, grade, credits, semester, year, isAP, isHonors) VALUES (497, 50, 'English 12 AP Lit', 'A-', 1.0, 'Fall', 2022, 1, 0);
INSERT INTO `AcademicRecord` (id, studentId, courseName, grade, credits, semester, year, isAP, isHonors) VALUES (498, 50, 'AP Calculus BC', 'A', 1.0, 'Fall', 2023, 1, 0);
INSERT INTO `AcademicRecord` (id, studentId, courseName, grade, credits, semester, year, isAP, isHonors) VALUES (499, 50, 'AP World History', 'B-', 1.0, 'Fall', 2024, 1, 0);
INSERT INTO `AcademicRecord` (id, studentId, courseName, grade, credits, semester, year, isAP, isHonors) VALUES (500, 50, 'Chemistry', 'C', 1.0, 'Fall', 2022, 0, 0);
INSERT INTO `SystemConfig` (id, encryptionKey, agentConfig, featureFlags) VALUES (1, 'demo-key-large', '{"scout":{"enabled":true}}', '{"scholarships":true}');